Datum,Workout-Name,Dauer,Name der Übung,Reihenfolge festlegen,Gewicht,Wiederh.,Entfernung,Sekunden,Notizen,Workout-Notizen,RPE
2023-01-09 18:23:28,"Abend-Workout",1h 24min,"Bench Press (Barbell)",W,32.0,8.0,0,0.0,,,
2023-01-09 18:23:28,"Abend-Workout",1h 24min,"Bench Press (Barbell)",W,32.0,8.0,0,0.0,,,
2023-01-09 18:23:28,"Abend-Workout",1h 24min,"Bench Press (Barbell)",1,61.5,8.0,0,0.0,,,
2023-01-09 18:23:28,"Abend-Workout",1h 24min,"Bench Press (Barbell)",Ruhezeit,0.0,0.0,0,0.0,,,
2023-01-09 18:23:28,"Abend-Workout",1h 24min,"Bench Press (Barbell)",2,53.0,9.0,0,0.0,,,
2023-01-09 18:23:28,"Abend-Workout",1h 24min,"Bench Press (Barbell)",Ruhezeit,0.0,0.0,0,150.0,,,
2023-01-09 18:23:28,"Abend-Workout",1h 24min,"Bench Press (Barbell)",3,52.5,8.0,0,0.0,,,
2023-01-09 18:23:28,"Abend-Workout",1h 24min,"Incline Bench Press (Dumbbell)",1,22.0,9.0,0,0.0,,,
2023-01-09 18:23:28,"Abend-Workout",1h 24min,"Incline Bench Press (Dumbbell)",Ruhezeit,0.0,0.0,0,120.0,,,
2023-01-09 18:23:28,"Abend-Workout",1h 24min,"Incline Bench Press (Dumbbell)",2,19.5,10.0,0,0.0,,,
2023-01-09 18:23:28,"Abend-Workout",1h 24min,"Incline Bench Press (Dumbbell)",Ruhezeit,0.0,0.0,0,90.0,,,
2023-01-09 18:23:28,"Abend-Workout",1h 24min,"Incline Bench Press (Dumbbell)",3,20.5,9.0,0,0.0,,,
2023-01-09 18:23:28,"Abend-Workout",1h 24min,"Incline Bench Press (Dumbbell)",Ruhezeit,0.0,0.0,0,120.0,,,
2023-01-09 18:23:28,"Abend-Workout",1h 24min,"Incline Bench Press (Dumbbell)",4,23.5,9.0,0,0.0,,,
2023-01-09 18:23:28,"Abend-Workout",1h 24min,"Overhead Press (Barbell)",1,33.0,8.0,0,0.0,,,
2023-01-09 18:23:28,"Abend-Workout",1h 24min,"Overhead Press (Barbell)",Ruhezeit,0.0,0.0,0,90.0,,,
2023-01-09 18:23:28,"Abend-Workout",1h 24min,"Overhead Press (Barbell)",2,33.0,9.0,0,0.0,,,
2023-01-09 18:23:28,"Abend-Workout",1h 24min,"Overhead Press (Barbell)",Ruhezeit,0.0,0.0,0,60.0,,,
2023-01-09 18:23:28,"Abend-Workout",1h 24min,"Overhead Press (Barbell)",3,35.5,9.0,0,0.0,,,
2023-01-09 18:23:28,"Abend-Workout",1h 24min,"Lateral Raise (Dumbbell)",1,9.5,13.0,0,0.0,,,
2023-01-09 18:23:28,"Abend-Workout",1h 24min,"Lateral Raise (Dumbbell)",Ruhezeit,0.0,0.0,0,120.0,,,
2023-01-09 18:23:28,"Abend-Workout",1h 24min,"Lateral Raise (Dumbbell)",2,8.0,13.0,0,0.0,,,
2023-01-09 18:23:28,"Abend-Workout",1h 24min,"Lateral Raise (Dumbbell)",Ruhezeit,0.0,0.0,0,60.0,,,
2023-01-09 18:23:28,"Abend-Workout",1h 24min,"Lateral Raise (Dumbbell)",3,9.0,11.0,0,0.0,,,
2023-01-09 18:23:28,"Abend-Workout",1h 24min,"Lateral Raise (Dumbbell)",Ruhezeit,0.0,0.0,0,60.0,,,
2023-01-09 18:23:28,"Abend-Workout",1h 24min,"Lateral Raise (Dumbbell)",4,8.5,11.0,0,0.0,,,
2023-01-09 18:23:28,"Abend-Workout",1h 24min,"Triceps Pushdown (Cable - Straight Bar)",1,26.5,11.0,0,0.0,,,
2023-01-09 18:23:28,"Abend-Workout",1h 24min,"Triceps Pushdown (Cable - Straight Bar)",Ruhezeit,0.0,0.0,0,90.0,,,
2023-01-09 18:23:28,"Abend-Workout",1h 24min,"Triceps Pushdown (Cable - Straight Bar)",2,24.0,12.0,0,0.0,,,
2023-01-09 18:23:28,"Abend-Workout",1h 24min,"Triceps Pushdown (Cable - Straight Bar)",Ruhezeit,0.0,0.0,0,150.0,,,
2023-01-09 18:23:28,"Abend-Workout",1h 24min,"Triceps Pushdown (Cable - Straight Bar)",3,26.0,12.0,0,0.0,,,
2023-01-09 18:23:28,"Abend-Workout",1h 24min,"Push Up",1,0.0,14.0,0,0.0,,,
2023-01-09 18:23:28,"Abend-Workout",1h 24min,"Push Up",Ruhezeit,0.0,0.0,0,150.0,,,
2023-01-09 18:23:28,"Abend-Workout",1h 24min,"Push Up",2,0.0,15.0,0,0.0,,,
2023-01-09 18:23:28,"Abend-Workout",1h 24min,"Push Up",Ruhezeit,0.0,0.0,0,60.0,,,
2023-01-09 18:23:28,"Abend-Workout",1h 24min,"Push Up",3,0.0,15.0,0,0.0,,,
2023-01-11 19:58:15,"Abend-Workout",1h 16min,"Pull Up",W,1.0,8.0,0,0.0,,,
2023-01-11 19:58:15,"Abend-Workout",1h 16min,"Pull Up",W,-0.5,8.0,0,0.0,,,
2023-01-11 19:58:15,"Abend-Workout",1h 16min,"Pull Up",1,0.0,7.0,0,0.0,,,
2023-01-11 19:58:15,"Abend-Workout",1h 16min,"Pull Up",Ruhezeit,0.0,0.0,0,90.0,,,
2023-01-11 19:58:15,"Abend-Workout",1h 16min,"Pull Up",2,0.0,8.0,0,0.0,,,
2023-01-11 19:58:15,"Abend-Workout",1h 16min,"Pull Up",Ruhezeit,0.0,0.0,0,60.0,,,
2023-01-11 19:58:15,"Abend-Workout",1h 16min,"Pull Up",3,0.0,7.0,0,0.0,,,
2023-01-11 19:58:15,"Abend-Workout",1h 16min,"Seated Row (Cable)",1,44.5,10.0,0,0.0,,,
2023-01-11 19:58:15,"Abend-Workout",1h 16min,"Seated Row (Cable)",Ruhezeit,0.0,0.0,0,60.0,,,
2023-01-11 19:58:15,"Abend-Workout",1h 16min,"Seated Row (Cable)",2,42.5,11.0,0,0.0,,,
2023-01-11 19:58:15,"Abend-Workout",1h 16min,"Seated Row (Cable)",Ruhezeit,0.0,0.0,0,60.0,,,
2023-01-11 19:58:15,"Abend-Workout",1h 16min,"Seated Row (Cable)",3,50.0,9.0,0,0.0,,,
2023-01-11 19:58:15,"Abend-Workout",1h 16min,"Seated Row (Cable)",Ruhezeit,0.0,0.0,0,60.0,,,
2023-01-11 19:58:15,"Abend-Workout",1h 16min,"Seated Row (Cable)",4,42.0,11.0,0,0.0,,,
2023-01-11 19:58:15,"Abend-Workout",1h 16min,"Bicep Curl (Barbell)",1,25.0,11.0,0,0.0,,,
2023-01-11 19:58:15,"Abend-Workout",1h 16min,"Bicep Curl (Barbell)",Ruhezeit,0.0,0.0,0,60.0,,,
2023-01-11 19:58:15,"Abend-Workout",1h 16min,"Bicep Curl (Barbell)",2,23.0,9.0,0,0.0,,,
2023-01-11 19:58:15,"Abend-Workout",1h 16min,"Bicep Curl (Barbell)",Ruhezeit,0.0,0.0,0,120.0,,,
2023-01-11 19:58:15,"Abend-Workout",1h 16min,"Bicep Curl (Barbell)",3,26.0,9.0,0,0.0,,,
2023-01-11 19:58:15,"Abend-Workout",1h 16min,"Bicep Curl (Barbell)",Ruhezeit,0.0,0.0,0,120.0,,,
2023-01-11 19:58:15,"Abend-Workout",1h 16min,"Bicep Curl (Barbell)",4,22.0,11.0,0,0.0,,,
2023-01-11 19:58:15,"Abend-Workout",1h 16min,"Bicep Curl Bench (Dumbell)",1,9.5,11.0,0,0.0,,,
2023-01-11 19:58:15,"Abend-Workout",1h 16min,"Bicep Curl Bench (Dumbell)",Ruhezeit,0.0,0.0,0,90.0,,,
2023-01-11 19:58:15,"Abend-Workout",1h 16min,"Bicep Curl Bench (Dumbell)",2,10.5,13.0,0,0.0,,,
2023-01-11 19:58:15,"Abend-Workout",1h 16min,"Bicep Curl Bench (Dumbell)",Ruhezeit,0.0,0.0,0,120.0,,,
2023-01-11 19:58:15,"Abend-Workout",1h 16min,"Bicep Curl Bench (Dumbell)",3,9.5,11.0,0,0.0,,,
2023-01-11 19:58:15,"Abend-Workout",1h 16min,"Face Pull (Cable)",1,21.0,14.0,0,0.0,,,
2023-01-11 19:58:15,"Abend-Workout",1h 16min,"Face Pull (Cable)",Ruhezeit,0.0,0.0,0,90.0,,,
2023-01-11 19:58:15,"Abend-Workout",1h 16min,"Face Pull (Cable)",2,20.5,14.0,0,0.0,,,
2023-01-11 19:58:15,"Abend-Workout",1h 16min,"Face Pull (Cable)",Ruhezeit,0.0,0.0,0,90.0,,,
2023-01-11 19:58:15,"Abend-Workout",1h 16min,"Face Pull (Cable)",3,20.5,14.0,0,0.0,,,
2023-01-11 19:58:15,"Abend-Workout",1h 16min,"Face Pull (Cable)",Ruhezeit,0.0,0.0,0,120.0,,,
2023-01-11 19:58:15,"Abend-Workout",1h 16min,"Face Pull (Cable)",4,22.0,14.0,0,0.0,,,
2023-01-13 18:36:16,"Abend-Workout",1h 22min,"Squat (Barbell)",W,35.0,8.0,0,0.0,,,
2023-01-13 18:36:16,"Abend-Workout",1h 22min,"Squat (Barbell)",W,33.0,8.0,0,0.0,,,
2023-01-13 18:36:16,"Abend-Workout",1h 22min,"Squat (Barbell)",1,62.5,7.0,0,0.0,,,
2023-01-13 18:36:16,"Abend-Workout",1h 22min,"Squat (Barbell)",Ruhezeit,0.0,0.0,0,150.0,,,
2023-01-13 18:36:16,"Abend-Workout",1h 22min,"Squat (Barbell)",2,72.5,8.0,0,0.0,,,
2023-01-13 18:36:16,"Abend-Workout",1h 22min,"Squat (Barbell)",Ruhezeit,0.0,0.0,0,120.0,,,
2023-01-13 18:36:16,"Abend-Workout",1h 22min,"Squat (Barbell)",3,70.0,7.0,0,0.0,,,
2023-01-13 18:36:16,"Abend-Workout",1h 22min,"Leg Press",1,114.0,11.0,0,0.0,,,
2023-01-13 18:36:16,"Abend-Workout",1h 22min,"Leg Press",Ruhezeit,0.0,0.0,0,60.0,,,
2023-01-13 18:36:16,"Abend-Workout",1h 22min,"Leg Press",2,122.5,10.0,0,0.0,,,
2023-01-13 18:36:16,"Abend-Workout",1h 22min,"Leg Press",Ruhezeit,0.0,0.0,0,150.0,,,
2023-01-13 18:36:16,"Abend-Workout",1h 22min,"Leg Press",3,121.5,11.0,0,0.0,,,
2023-01-13 18:36:16,"Abend-Workout",1h 22min,"Leg Press",Ruhezeit,0.0,0.0,0,90.0,,,
2023-01-13 18:36:16,"Abend-Workout",1h 22min,"Leg Press",4,99.0,9.0,0,0.0,,,
2023-01-13 18:36:16,"Abend-Workout",1h 22min,"Leg Extension (Machine)",1,39.5,11.0,0,0.0,,,
2023-01-13 18:36:16,"Abend-Workout",1h 22min,"Leg Extension (Machine)",Ruhezeit,0.0,0.0,0,120.0,,,
2023-01-13 18:36:16,"Abend-Workout",1h 22min,"Leg Extension (Machine)",2,41.0,13.0,0,0.0,,,
2023-01-13 18:36:16,"Abend-Workout",1h 22min,"Leg Extension (Machine)",Ruhezeit,0.0,0.0,0,150.0,,,
2023-01-13 18:36:16,"Abend-Workout",1h 22min,"Leg Extension (Machine)",3,44.5,11.0,0,0.0,,,
2023-01-13 18:36:16,"Abend-Workout",1h 22min,"Leg Extension (Machine)",Ruhezeit,0.0,0.0,0,120.0,,,
2023-01-13 18:36:16,"Abend-Workout",1h 22min,"Leg Extension (Machine)",4,38.5,11.0,0,0.0,,,
2023-01-13 18:36:16,"Abend-Workout",1h 22min,"Standing Calf Raise (Bodyweight)",1,0.0,20.0,0,0.0,,,
2023-01-13 18:36:16,"Abend-Workout",1h 22min,"Standing Calf Raise (Bodyweight)",Ruhezeit,0.0,0.0,0,90.0,,,
2023-01-13 18:36:16,"Abend-Workout",1h 22min,"Standing Calf Raise (Bodyweight)",2,0.0,21.0,0,0.0,,,
2023-01-13 18:36:16,"Abend-Workout",1h 22min,"Standing Calf Raise (Bodyweight)",Ruhezeit,0.0,0.0,0,90.0,,,
2023-01-13 18:36:16,"Abend-Workout",1h 22min,"Standing Calf Raise (Bodyweight)",3,0.0,19.0,0,0.0,,,
2023-01-13 18:36:16,"Abend-Workout",1h 22min,"Single Leg Extension ",1,22.0,13.0,0,0.0,,,
2023-01-13 18:36:16,"Abend-Workout",1h 22min,"Single Leg Extension ",Ruhezeit,0.0,0.0,0,90.0,,,
2023-01-13 18:36:16,"Abend-Workout",1h 22min,"Single Leg Extension ",2,22.5,13.0,0,0.0,,,
2023-01-13 18:36:16,"Abend-Workout",1h 22min,"Single Leg Extension ",Ruhezeit,0.0,0.0,0,150.0,,,
2023-01-13 18:36:16,"Abend-Workout",1h 22min,"Single Leg Extension ",3,20.5,13.0,0,0.0,,,
2023-01-13 18:36:16,"Abend-Workout",1h 22min,"Single Leg Extension ",Ruhezeit,0.0,0.0,0,60.0,,,
2023-01-13 18:36:16,"Abend-Workout",1h 22min,"Single Leg Extension ",4,17.5,13.0,0,0.0,,,
2023-01-13 18:36:16,"Abend-Workout",1h 22min,"Plank",1,0.0,0.0,0,35.0,,,
2023-01-13 18:36:16,"Abend-Workout",1h 22min,"Plank",Ruhezeit,0.0,0.0,0,150.0,,,
2023-01-13 18:36:16,"Abend-Workout",1h 22min,"Plank",2,0.0,0.0,0,40.0,,,
2023-01-13 18:36:16,"Abend-Workout",1h 22min,"Plank",Ruhezeit,0.0,0.0,0,150.0,,,
2023-01-13 18:36:16,"Abend-Workout",1h 22min,"Plank",3,0.0,0.0,0,45.0,,,
2023-01-16 19:00:31,"Abend-Workout",50min,"Bench Press (Barbell)",W,30.0,8.0,0,0.0,,,
2023-01-16 19:00:31,"Abend-Workout",50min,"Bench Press (Barbell)",W,28.5,8.0,0,0.0,,,
2023-01-16 19:00:31,"Abend-Workout",50min,"Bench Press (Barbell)",1,53.5,9.0,0,0.0,,,
2023-01-16 19:00:31,"Abend-Workout",50min,"Bench Press (Barbell)",Ruhezeit,0.0,0.0,0,90.0,,,
2023-01-16 19:00:31,"Abend-Workout",50min,"Bench Press (Barbell)",2,60.0,7.0,0,0.0,,,
2023-01-16 19:00:31,"Abend-Workout",50min,"Bench Press (Barbell)",Ruhezeit,0.0,0.0,0,90.0,,,
2023-01-16 19:00:31,"Abend-Workout",50min,"Bench Press (Barbell)",3,65.0,9.0,0,0.0,,,
2023-01-16 19:00:31,"Abend-Workout",50min,"Bench Press (Barbell)",Ruhezeit,0.0,0.0,0,60.0,,,
2023-01-16 19:00:31,"Abend-Workout",50min,"Bench Press (Barbell)",4,61.5,8.0,0,0.0,,,
2023-01-16 19:00:31,"Abend-Workout",50min,"Incline Bench Press (Dumbbell)",1,20.0,10.0,0,0.0,,,
2023-01-16 19:00:31,"Abend-Workout",50min,"Incline Bench Press (Dumbbell)",Ruhezeit,0.0,0.0,0,60.0,,,
2023-01-16 19:00:31,"Abend-Workout",50min,"Incline Bench Press (Dumbbell)",2,21.0,9.0,0,0.0,,,
2023-01-16 19:00:31,"Abend-Workout",50min,"Incline Bench Press (Dumbbell)",Ruhezeit,0.0,0.0,0,120.0,,,
2023-01-16 19:00:31,"Abend-Workout",50min,"Incline Bench Press (Dumbbell)",3,21.5,9.0,0,0.0,,,
2023-01-16 19:00:31,"Abend-Workout",50min,"Overhead Press (Barbell)",1,38.0,7.0,0,0.0,,,
2023-01-16 19:00:31,"Abend-Workout",50min,"Overhead Press (Barbell)",Ruhezeit,0.0,0.0,0,150.0,,,
2023-01-16 19:00:31,"Abend-Workout",50min,"Overhead Press (Barbell)",2,35.0,8.0,0,0.0,,,
2023-01-16 19:00:31,"Abend-Workout",50min,"Overhead Press (Barbell)",Ruhezeit,0.0,0.0,0,90.0,,,
2023-01-16 19:00:31,"Abend-Workout",50min,"Overhead Press (Barbell)",3,36.5,7.0,0,0.0,,,
2023-01-16 19:00:31,"Abend-Workout",50min,"Lateral Raise (Dumbbell)",1,9.0,13.0,0,0.0,,,
2023-01-16 19:00:31,"Abend-Workout",50min,"Lateral Raise (Dumbbell)",Ruhezeit,0.0,0.0,0,90.0,,,
2023-01-16 19:00:31,"Abend-Workout",50min,"Lateral Raise (Dumbbell)",2,9.5,11.0,0,0.0,,,
2023-01-16 19:00:31,"Abend-Workout",50min,"Lateral Raise (Dumbbell)",Ruhezeit,0.0,0.0,0,60.0,,,
2023-01-16 19:00:31,"Abend-Workout",50min,"Lateral Raise (Dumbbell)",3,10.0,11.0,0,0.0,,,
2023-01-16 19:00:31,"Abend-Workout",50min,"Triceps Pushdown (Cable - Straight Bar)",1,24.0,13.0,0,0.0,,,
2023-01-16 19:00:31,"Abend-Workout",50min,"Triceps Pushdown (Cable - Straight Bar)",Ruhezeit,0.0,0.0,0,150.0,,,
2023-01-16 19:00:31,"Abend-Workout",50min,"Triceps Pushdown (Cable - Straight Bar)",2,23.5,11.0,0,0.0,,,
2023-01-16 19:00:31,"Abend-Workout",50min,"Triceps Pushdown (Cable - Straight Bar)",Ruhezeit,0.0,0.0,0,60.0,,,
2023-01-16 19:00:31,"Abend-Workout",50min,"Triceps Pushdown (Cable - Straight Bar)",3,26.5,11.0,0,0.0,,,
2023-01-16 19:00:31,"Abend-Workout",50min,"Triceps Pushdown (Cable - Straight Bar)",Ruhezeit,0.0,0.0,0,150.0,,,
2023-01-16 19:00:31,"Abend-Workout",50min,"Triceps Pushdown (Cable - Straight Bar)",4,27.5,13.0,0,0.0,,,
2023-01-16 19:00:31,"Abend-Workout",50min,"Push Up",1,0.0,16.0,0,0.0,,,
2023-01-16 19:00:31,"Abend-Workout",50min,"Push Up",Ruhezeit,0.0,0.0,0,90.0,,,
2023-01-16 19:00:31,"Abend-Workout",50min,"Push Up",2,0.0,16.0,0,0.0,,,
2023-01-16 19:00:31,"Abend-Workout",50min,"Push Up",Ruhezeit,0.0,0.0,0,120.0,,,
2023-01-16 19:00:31,"Abend-Workout",50min,"Push Up",3,0.0,16.0,0,0.0,,,
2023-01-16 19:00:31,"Abend-Workout",50min,"Push Up (Knees)",1,0.0,13.0,0,0.0,,,
2023-01-16 19:00:31,"Abend-Workout",50min,"Push Up (Knees)",Ruhezeit,0.0,0.0,0,90.0,,,
2023-01-16 19:00:31,"Abend-Workout",50min,"Push Up (Knees)",2,0.0,12.0,0,0.0,,,
2023-01-18 19:34:58,"Abend-Workout",1h 21min,"Pull Up",W,2.0,8.0,0,0.0,,,
2023-01-18 19:34:58,"Abend-Workout",1h 21min,"Pull Up",W,-1.0,8.0,0,0.0,,,
2023-01-18 19:34:58,"Abend-Workout",1h 21min,"Pull Up",1,6.0,9.0,0,0.0,,,
2023-01-18 19:34:58,"Abend-Workout",1h 21min,"Pull Up",Ruhezeit,0.0,0.0,0,120.0,,,
2023-01-18 19:34:58,"Abend-Workout",1h 21min,"Pull Up",2,6.0,9.0,0,0.0,,,
2023-01-18 19:34:58,"Abend-Workout",1h 21min,"Pull Up",Ruhezeit,0.0,0.0,0,60.0,,,
2023-01-18 19:34:58,"Abend-Workout",1h 21min,"Pull Up",3,6.0,7.0,0,0.0,,,
2023-01-18 19:34:58,"Abend-Workout",1h 21min,"Pull Up",Ruhezeit,0.0,0.0,0,120.0,,,
2023-01-18 19:34:58,"Abend-Workout",1h 21min,"Pull Up",4,6.0,8.0,0,0.0,,,
2023-01-18 19:34:58,"Abend-Workout",1h 21min,"Seated Row (Cable)",1,45.5,9.0,0,0.0,,,
2023-01-18 19:34:58,"Abend-Workout",1h 21min,"Seated Row (Cable)",Ruhezeit,0.0,0.0,0,90.0,,,
2023-01-18 19:34:58,"Abend-Workout",1h 21min,"Seated Row (Cable)",2,45.0,10.0,0,0.0,,,
2023-01-18 19:34:58,"Abend-Workout",1h 21min,"Seated Row (Cable)",Ruhezeit,0.0,0.0,0,60.0,,,
2023-01-18 19:34:58,"Abend-Workout",1h 21min,"Seated Row (Cable)",3,47.5,9.0,0,0.0,,,
2023-01-18 19:34:58,"Abend-Workout",1h 21min,"Bicep Curl (Barbell)",1,23.0,10.0,0,0.0,,,
2023-01-18 19:34:58,"Abend-Workout",1h 21min,"Bicep Curl (Barbell)",Ruhezeit,0.0,0.0,0,90.0,,,
2023-01-18 19:34:58,"Abend-Workout",1h 21min,"Bicep Curl (Barbell)",2,22.5,10.0,0,0.0,,,
2023-01-18 19:34:58,"Abend-Workout",1h 21min,"Bicep Curl (Barbell)",Ruhezeit,0.0,0.0,0,120.0,,,
2023-01-18 19:34:58,"Abend-Workout",1h 21min,"Bicep Curl (Barbell)",3,23.0,9.0,0,0.0,,,
2023-01-18 19:34:58,"Abend-Workout",1h 21min,"Bicep Curl (Barbell)",Ruhezeit,0.0,0.0,0,90.0,,,
2023-01-18 19:34:58,"Abend-Workout",1h 21min,"Bicep Curl (Barbell)",4,23.0,11.0,0,0.0,,,
2023-01-18 19:34:58,"Abend-Workout",1h 21min,"Bicep Curl Bench (Dumbell)",1,9.5,13.0,0,0.0,,,
2023-01-18 19:34:58,"Abend-Workout",1h 21min,"Bicep Curl Bench (Dumbell)",Ruhezeit,0.0,0.0,0,90.0,,,
2023-01-18 19:34:58,"Abend-Workout",1h 21min,"Bicep Curl Bench (Dumbell)",2,9.0,11.0,0,0.0,,,
2023-01-18 19:34:58,"Abend-Workout",1h 21min,"Bicep Curl Bench (Dumbell)",Ruhezeit,0.0,0.0,0,150.0,,,
2023-01-18 19:34:58,"Abend-Workout",1h 21min,"Bicep Curl Bench (Dumbell)",3,9.0,13.0,0,0.0,,,
2023-01-18 19:34:58,"Abend-Workout",1h 21min,"Face Pull (Cable)",1,19.0,15.0,0,0.0,,,
2023-01-18 19:34:58,"Abend-Workout",1h 21min,"Face Pull (Cable)",Ruhezeit,0.0,0.0,0,120.0,,,
2023-01-18 19:34:58,"Abend-Workout",1h 21min,"Face Pull (Cable)",2,21.5,15.0,0,0.0,,,
2023-01-18 19:34:58,"Abend-Workout",1h 21min,"Face Pull (Cable)",Ruhezeit,0.0,0.0,0,60.0,,,
2023-01-18 19:34:58,"Abend-Workout",1h 21min,"Face Pull (Cable)",3,18.5,14.0,0,0.0,,,
2023-01-20 18:49:58,"Abend-Workout",1h 22min,"Squat (Barbell)",W,33.5,8.0,0,0.0,,,
2023-01-20 18:49:58,"Abend-Workout",1h 22min,"Squat (Barbell)",W,33.5,8.0,0,0.0,,,
2023-01-20 18:49:58,"Abend-Workout",1h 22min,"Squat (Barbell)",1,68.0,8.0,0,0.0,,,
2023-01-20 18:49:58,"Abend-Workout",1h 22min,"Squat (Barbell)",Ruhezeit,0.0,0.0,0,60.0,,,
2023-01-20 18:49:58,"Abend-Workout",1h 22min,"Squat (Barbell)",2,75.5,9.0,0,0.0,,,
2023-01-20 18:49:58,"Abend-Workout",1h 22min,"Squat (Barbell)",Ruhezeit,0.0,0.0,0,60.0,,,
2023-01-20 18:49:58,"Abend-Workout",1h 22min,"Squat (Barbell)",3,75.5,7.0,0,0.0,,,
2023-01-20 18:49:58,"Abend-Workout",1h 22min,"Leg Press",1,104.5,10.0,0,0.0,,,
2023-01-20 18:49:58,"Abend-Workout",1h 22min,"Leg Press",Ruhezeit,0.0,0.0,0,60.0,,,
2023-01-20 18:49:58,"Abend-Workout",1h 22min,"Leg Press",2,99.0,11.0,0,0.0,,,
2023-01-20 18:49:58,"Abend-Workout",1h 22min,"Leg Press",Ruhezeit,0.0,0.0,0,90.0,,,
2023-01-20 18:49:58,"Abend-Workout",1h 22min,"Leg Press",3,105.0,9.0,0,0.0,,,
2023-01-20 18:49:58,"Abend-Workout",1h 22min,"Leg Extension (Machine)",1,40.5,13.0,0,0.0,,,
2023-01-20 18:49:58,"Abend-Workout",1h 22min,"Leg Extension (Machine)",Ruhezeit,0.0,0.0,0,150.0,,,
2023-01-20 18:49:58,"Abend-Workout",1h 22min,"Leg Extension (Machine)",2,40.5,11.0,0,0.0,,,
2023-01-20 18:49:58,"Abend-Workout",1h 22min,"Leg Extension (Machine)",Ruhezeit,0.0,0.0,0,60.0,,,
2023-01-20 18:49:58,"Abend-Workout",1h 22min,"Leg Extension (Machine)",3,40.0,11.0,0,0.0,,,
2023-01-20 18:49:58,"Abend-Workout",1h 22min,"Standing Calf Raise (Bodyweight)",1,0.0,19.0,0,0.0,,,
2023-01-20 18:49:58,"Abend-Workout",1h 22min,"Standing Calf Raise (Bodyweight)",Ruhezeit,0.0,0.0,0,60.0,,,
2023-01-20 18:49:58,"Abend-Workout",1h 22min,"Standing Calf Raise (Bodyweight)",2,0.0,19.0,0,0.0,,,
2023-01-20 18:49:58,"Abend-Workout",1h 22min,"Standing Calf Raise (Bodyweight)",Ruhezeit,0.0,0.0,0,60.0,,,
2023-01-20 18:49:58,"Abend-Workout",1h 22min,"Standing Calf Raise (Bodyweight)",3,0.0,21.0,0,0.0,,,
2023-01-20 18:49:58,"Abend-Workout",1h 22min,"Single Leg Extension ",1,18.0,11.0,0,0.0,,,
2023-01-20 18:49:58,"Abend-Workout",1h 22min,"Single Leg Extension ",Ruhezeit,0.0,0.0,0,90.0,,,
2023-01-20 18:49:58,"Abend-Workout",1h 22min,"Single Leg Extension ",2,18.0,11.0,0,0.0,,,
2023-01-20 18:49:58,"Abend-Workout",1h 22min,"Single Leg Extension ",Ruhezeit,0.0,0.0,0,150.0,,,
2023-01-20 18:49:58,"Abend-Workout",1h 22min,"Single Leg Extension ",3,21.5,13.0,0,0.0,,,
2023-01-20 18:49:58,"Abend-Workout",1h 22min,"Single Leg Extension ",Ruhezeit,0.0,0.0,0,90.0,,,
2023-01-20 18:49:58,"Abend-Workout",1h 22min,"Single Leg Extension ",4,18.5,13.0,0,0.0,,,
2023-01-20 18:49:58,"Abend-Workout",1h 22min,"Plank",1,0.0,0.0,0,35.0,,,
2023-01-20 18:49:58,"Abend-Workout",1h 22min,"Plank",Ruhezeit,0.0,0.0,0,60.0,,,
2023-01-20 18:49:58,"Abend-Workout",1h 22min,"Plank",2,0.0,0.0,0,40.0,,,
2023-01-20 18:49:58,"Abend-Workout",1h 22min,"Plank",Ruhezeit,0.0,0.0,0,60.0,,,
2023-01-20 18:49:58,"Abend-Workout",1h 22min,"Plank",3,0.0,0.0,0,45.0,,,
2023-01-20 18:49:58,"Abend-Workout",1h 22min,"Running",1,0.0,0.0,1.75,450.0,,,
2023-01-23 18:16:12,"Abend-Workout",1h 22min,"Bench Press (Barbell)",W,28.5,8.0,0,0.0,,,
2023-01-23 18:16:12,"Abend-Workout",1h 22min,"Bench Press (Barbell)",W,32.0,8.0,0,0.0,,,
2023-01-23 18:16:12,"Abend-Workout",1h 22min,"Bench Press (Barbell)",1,67.0,9.0,0,0.0,,,
2023-01-23 18:16:12,"Abend-Workout",1h 22min,"Bench Press (Barbell)",Ruhezeit,0.0,0.0,0,60.0,,,
2023-01-23 18:16:12,"Abend-Workout",1h 22min,"Bench Press (Barbell)",2,53.5,9.0,0,0.0,,,
2023-01-23 18:16:12,"Abend-Workout",1h 22min,"Bench Press (Barbell)",Ruhezeit,0.0,0.0,0,120.0,,,
2023-01-23 18:16:12,"Abend-Workout",1h 22min,"Bench Press (Barbell)",3,54.5,8.0,0,0.0,,,
2023-01-23 18:16:12,"Abend-Workout",1h 22min,"Bench Press (Barbell)",Ruhezeit,0.0,0.0,0,90.0,,,
2023-01-23 18:16:12,"Abend-Workout",1h 22min,"Bench Press (Barbell)",4,66.0,7.0,0,0.0,,,
2023-01-23 18:16:12,"Abend-Workout",1h 22min,"Incline Bench Press (Dumbbell)",1,20.0,10.0,0,0.0,,,
2023-01-23 18:16:12,"Abend-Workout",1h 22min,"Incline Bench Press (Dumbbell)",Ruhezeit,0.0,0.0,0,150.0,,,
2023-01-23 18:16:12,"Abend-Workout",1h 22min,"Incline Bench Press (Dumbbell)",2,19.5,10.0,0,0.0,,,
2023-01-23 18:16:12,"Abend-Workout",1h 22min,"Incline Bench Press (Dumbbell)",Ruhezeit,0.0,0.0,0,120.0,,,
2023-01-23 18:16:12,"Abend-Workout",1h 22min,"Incline Bench Press (Dumbbell)",3,20.0,11.0,0,0.0,,,
2023-01-23 18:16:12,"Abend-Workout",1h 22min,"Incline Bench Press (Dumbbell)",Ruhezeit,0.0,0.0,0,60.0,,,
2023-01-23 18:16:12,"Abend-Workout",1h 22min,"Incline Bench Press (Dumbbell)",4,19.5,10.0,0,0.0,,,
2023-01-23 18:16:12,"Abend-Workout",1h 22min,"Overhead Press (Barbell)",1,33.0,7.0,0,0.0,,,
2023-01-23 18:16:12,"Abend-Workout",1h 22min,"Overhead Press (Barbell)",Ruhezeit,0.0,0.0,0,150.0,,,
2023-01-23 18:16:12,"Abend-Workout",1h 22min,"Overhead Press (Barbell)",2,39.0,8.0,0,0.0,,,
2023-01-23 18:16:12,"Abend-Workout",1h 22min,"Overhead Press (Barbell)",Ruhezeit,0.0,0.0,0,150.0,,,
2023-01-23 18:16:12,"Abend-Workout",1h 22min,"Overhead Press (Barbell)",3,38.5,9.0,0,0.0,,,
2023-01-23 18:16:12,"Abend-Workout",1h 22min,"Lateral Raise (Dumbbell)",1,8.5,13.0,0,0.0,,,
2023-01-23 18:16:12,"Abend-Workout",1h 22min,"Lateral Raise (Dumbbell)",Ruhezeit,0.0,0.0,0,90.0,,,
2023-01-23 18:16:12,"Abend-Workout",1h 22min,"Lateral Raise (Dumbbell)",2,9.0,13.0,0,0.0,,,
2023-01-23 18:16:12,"Abend-Workout",1h 22min,"Lateral Raise (Dumbbell)",Ruhezeit,0.0,0.0,0,120.0,,,
2023-01-23 18:16:12,"Abend-Workout",1h 22min,"Lateral Raise (Dumbbell)",3,9.5,12.0,0,0.0,,,
2023-01-23 18:16:12,"Abend-Workout",1h 22min,"Lateral Raise (Dumbbell)",D,6.5,16.0,0,0.0,,,
2023-01-23 18:16:12,"Abend-Workout",1h 22min,"Triceps Pushdown (Cable - Straight Bar)",1,24.0,11.0,0,0.0,,,
2023-01-23 18:16:12,"Abend-Workout",1h 22min,"Triceps Pushdown (Cable - Straight Bar)",Ruhezeit,0.0,0.0,0,60.0,,,
2023-01-23 18:16:12,"Abend-Workout",1h 22min,"Triceps Pushdown (Cable - Straight Bar)",2,26.5,13.0,0,0.0,,,
2023-01-23 18:16:12,"Abend-Workout",1h 22min,"Triceps Pushdown (Cable - Straight Bar)",Ruhezeit,0.0,0.0,0,120.0,,,
2023-01-23 18:16:12,"Abend-Workout",1h 22min,"Triceps Pushdown (Cable - Straight Bar)",3,25.0,12.0,0,0.0,,,
2023-01-23 18:16:12,"Abend-Workout",1h 22min,"Push Up",1,0.0,14.0,0,0.0,,,
2023-01-23 18:16:12,"Abend-Workout",1h 22min,"Push Up",Ruhezeit,0.0,0.0,0,60.0,,,
2023-01-23 18:16:12,"Abend-Workout",1h 22min,"Push Up",2,0.0,16.0,0,0.0,,,
2023-01-23 18:16:12,"Abend-Workout",1h 22min,"Push Up",Ruhezeit,0.0,0.0,0,90.0,,,
2023-01-23 18:16:12,"Abend-Workout",1h 22min,"Push Up",3,0.0,15.0,0,0.0,,,
2023-01-25 19:36:39,"Abend-Workout",53min,"Pull Up",W,-0.5,8.0,0,0.0,,,
2023-01-25 19:36:39,"Abend-Workout",53min,"Pull Up",W,1.5,8.0,0,0.0,,,
2023-01-25 19:36:39,"Abend-Workout",53min,"Pull Up",1,0.0,8.0,0,0.0,,,
2023-01-25 19:36:39,"Abend-Workout",53min,"Pull Up",Ruhezeit,0.0,0.0,0,90.0,,,
2023-01-25 19:36:39,"Abend-Workout",53min,"Pull Up",2,0.0,8.0,0,0.0,,,
2023-01-25 19:36:39,"Abend-Workout",53min,"Pull Up",Ruhezeit,0.0,0.0,0,150.0,,,
2023-01-25 19:36:39,"Abend-Workout",53min,"Pull Up",3,0.0,7.0,0,0.0,,,
2023-01-25 19:36:39,"Abend-Workout",53min,"Seated Row (Cable)",1,43.0,11.0,0,0.0,,,
2023-01-25 19:36:39,"Abend-Workout",53min,"Seated Row (Cable)",Ruhezeit,0.0,0.0,0,60.0,,,
2023-01-25 19:36:39,"Abend-Workout",53min,"Seated Row (Cable)",2,48.5,10.0,0,0.0,,,
2023-01-25 19:36:39,"Abend-Workout",53min,"Seated Row (Cable)",Ruhezeit,0.0,0.0,0,120.0,,,
2023-01-25 19:36:39,"Abend-Workout",53min,"Seated Row (Cable)",3,41.5,9.0,0,0.0,,,
2023-01-25 19:36:39,"Abend-Workout",53min,"Seated Row (Cable)",Ruhezeit,0.0,0.0,0,120.0,,,
2023-01-25 19:36:39,"Abend-Workout",53min,"Seated Row (Cable)",4,40.5,9.0,0,0.0,,,
2023-01-25 19:36:39,"Abend-Workout",53min,"Bicep Curl (Barbell)",1,25.0,10.0,0,0.0,,,
2023-01-25 19:36:39,"Abend-Workout",53min,"Bicep Curl (Barbell)",Ruhezeit,0.0,0.0,0,90.0,,,
2023-01-25 19:36:39,"Abend-Workout",53min,"Bicep Curl (Barbell)",2,27.0,11.0,0,0.0,,,
2023-01-25 19:36:39,"Abend-Workout",53min,"Bicep Curl (Barbell)",Ruhezeit,0.0,0.0,0,90.0,,,
2023-01-25 19:36:39,"Abend-Workout",53min,"Bicep Curl (Barbell)",3,22.5,9.0,0,0.0,,,
2023-01-25 19:36:39,"Abend-Workout",53min,"Bicep Curl (Barbell)",Ruhezeit,0.0,0.0,0,120.0,,,
2023-01-25 19:36:39,"Abend-Workout",53min,"Bicep Curl (Barbell)",4,22.5,11.0,0,0.0,,,
2023-01-25 19:36:39,"Abend-Workout",53min,"Bicep Curl Bench (Dumbell)",1,10.5,11.0,0,0.0,,,
2023-01-25 19:36:39,"Abend-Workout",53min,"Bicep Curl Bench (Dumbell)",Ruhezeit,0.0,0.0,0,120.0,,,
2023-01-25 19:36:39,"Abend-Workout",53min,"Bicep Curl Bench (Dumbell)",2,10.5,11.0,0,0.0,,,
2023-01-25 19:36:39,"Abend-Workout",53min,"Bicep Curl Bench (Dumbell)",Ruhezeit,0.0,0.0,0,60.0,,,
2023-01-25 19:36:39,"Abend-Workout",53min,"Bicep Curl Bench (Dumbell)",3,9.0,11.0,0,0.0,,,
2023-01-25 19:36:39,"Abend-Workout",53min,"Face Pull (Cable)",1,21.5,16.0,0,0.0,,,
2023-01-25 19:36:39,"Abend-Workout",53min,"Face Pull (Cable)",Ruhezeit,0.0,0.0,0,120.0,,,
2023-01-25 19:36:39,"Abend-Workout",53min,"Face Pull (Cable)",2,20.5,15.0,0,0.0,,,
2023-01-25 19:36:39,"Abend-Workout",53min,"Face Pull (Cable)",Ruhezeit,0.0,0.0,0,120.0,,,
2023-01-25 19:36:39,"Abend-Workout",53min,"Face Pull (Cable)",3,22.0,14.0,0,0.0,,,
2023-01-25 19:36:39,"Abend-Workout",53min,"Face Pull (Cable)",Ruhezeit,0.0,0.0,0,90.0,,,
2023-01-25 19:36:39,"Abend-Workout",53min,"Face Pull (Cable)",4,20.0,14.0,0,0.0,,,
2023-01-25 19:36:39,"Abend-Workout",53min,"Push Up (Knees)",1,0.0,11.0,0,0.0,,,
2023-01-25 19:36:39,"Abend-Workout",53min,"Push Up (Knees)",Ruhezeit,0.0,0.0,0,150.0,,,
2023-01-25 19:36:39,"Abend-Workout",53min,"Push Up (Knees)",2,0.0,11.0,0,0.0,,,
2023-01-27 19:05:31,"Abend-Workout",1h 4min,"Squat (Barbell)",W,37.0,8.0,0,0.0,,,
2023-01-27 19:05:31,"Abend-Workout",1h 4min,"Squat (Barbell)",W,36.0,8.0,0,0.0,,,
2023-01-27 19:05:31,"Abend-Workout",1h 4min,"Squat (Barbell)",1,66.5,8.0,0,0.0,,,
2023-01-27 19:05:31,"Abend-Workout",1h 4min,"Squat (Barbell)",Ruhezeit,0.0,0.0,0,60.0,,,
2023-01-27 19:05:31,"Abend-Workout",1h 4min,"Squat (Barbell)",2,73.5,9.0,0,0.0,,,
2023-01-27 19:05:31,"Abend-Workout",1h 4min,"Squat (Barbell)",Ruhezeit,0.0,0.0,0,150.0,,,
2023-01-27 19:05:31,"Abend-Workout",1h 4min,"Squat (Barbell)",3,69.5,7.0,0,0.0,,,
2023-01-27 19:05:31,"Abend-Workout",1h 4min,"Leg Press",1,103.5,10.0,0,0.0,,,
2023-01-27 19:05:31,"Abend-Workout",1h 4min,"Leg Press",Ruhezeit,0.0,0.0,0,90.0,,,
2023-01-27 19:05:31,"Abend-Workout",1h 4min,"Leg Press",2,102.5,9.0,0,0.0,,,
2023-01-27 19:05:31,"Abend-Workout",1h 4min,"Leg Press",Ruhezeit,0.0,0.0,0,60.0,,,
2023-01-27 19:05:31,"Abend-Workout",1h 4min,"Leg Press",3,102.5,10.0,0,0.0,,,
2023-01-27 19:05:31,"Abend-Workout",1h 4min,"Leg Extension (Machine)",1,40.0,13.0,0,0.0,,,
2023-01-27 19:05:31,"Abend-Workout",1h 4min,"Leg Extension (Machine)",Ruhezeit,0.0,0.0,0,120.0,,,
2023-01-27 19:05:31,"Abend-Workout",1h 4min,"Leg Extension (Machine)",2,43.0,12.0,0,0.0,,,
2023-01-27 19:05:31,"Abend-Workout",1h 4min,"Leg Extension (Machine)",Ruhezeit,0.0,0.0,0,150.0,,,
2023-01-27 19:05:31,"Abend-Workout",1h 4min,"Leg Extension (Machine)",3,37.5,12.0,0,0.0,,,
2023-01-27 19:05:31,"Abend-Workout",1h 4min,"Leg Extension (Machine)",Ruhezeit,0.0,0.0,0,120.0,,,
2023-01-27 19:05:31,"Abend-Workout",1h 4min,"Leg Extension (Machine)",4,39.5,13.0,0,0.0,,,
2023-01-27 19:05:31,"Abend-Workout",1h 4min,"Standing Calf Raise (Bodyweight)",1,0.0,21.0,0,0.0,,,
2023-01-27 19:05:31,"Abend-Workout",1h 4min,"Standing Calf Raise (Bodyweight)",Ruhezeit,0.0,0.0,0,90.0,,,
2023-01-27 19:05:31,"Abend-Workout",1h 4min,"Standing Calf Raise (Bodyweight)",2,0.0,20.0,0,0.0,,,
2023-01-27 19:05:31,"Abend-Workout",1h 4min,"Standing Calf Raise (Bodyweight)",Ruhezeit,0.0,0.0,0,90.0,,,
2023-01-27 19:05:31,"Abend-Workout",1h 4min,"Standing Calf Raise (Bodyweight)",3,0.0,21.0,0,0.0,,,
2023-01-27 19:05:31,"Abend-Workout",1h 4min,"Standing Calf Raise (Bodyweight)",Ruhezeit,0.0,0.0,0,120.0,,,
2023-01-27 19:05:31,"Abend-Workout",1h 4min,"Standing Calf Raise (Bodyweight)",4,0.0,19.0,0,0.0,,,
2023-01-27 19:05:31,"Abend-Workout",1h 4min,"Single Leg Extension ",1,20.0,12.0,0,0.0,,,
2023-01-27 19:05:31,"Abend-Workout",1h 4min,"Single Leg Extension ",Ruhezeit,0.0,0.0,0,150.0,,,
2023-01-27 19:05:31,"Abend-Workout",1h 4min,"Single Leg Extension ",2,22.0,13.0,0,0.0,,,
2023-01-27 19:05:31,"Abend-Workout",1h 4min,"Single Leg Extension ",Ruhezeit,0.0,0.0,0,90.0,,,
2023-01-27 19:05:31,"Abend-Workout",1h 4min,"Single Leg Extension ",3,22.0,11.0,0,0.0,,,
2023-01-27 19:05:31,"Abend-Workout",1h 4min,"Plank",1,0.0,0.0,0,35.0,,,
2023-01-27 19:05:31,"Abend-Workout",1h 4min,"Plank",Ruhezeit,0.0,0.0,0,90.0,,,
2023-01-27 19:05:31,"Abend-Workout",1h 4min,"Plank",2,0.0,0.0,0,40.0,,,
2023-01-27 19:05:31,"Abend-Workout",1h 4min,"Plank",Ruhezeit,0.0,0.0,0,120.0,,,
2023-01-27 19:05:31,"Abend-Workout",1h 4min,"Plank",3,0.0,0.0,0,45.0,,,
2023-01-30 19:50:41,"Abend-Workout",46min,"Bench Press (Barbell)",W,29.0,8.0,0,0.0,,,
2023-01-30 19:50:41,"Abend-Workout",46min,"Bench Press (Barbell)",W,29.5,8.0,0,0.0,,,
2023-01-30 19:50:41,"Abend-Workout",46min,"Bench Press (Barbell)",1,64.5,9.0,0,0.0,,,
2023-01-30 19:50:41,"Abend-Workout",46min,"Bench Press (Barbell)",Ruhezeit,0.0,0.0,0,150.0,,,
2023-01-30 19:50:41,"Abend-Workout",46min,"Bench Press (Barbell)",2,56.0,8.0,0,0.0,,,
2023-01-30 19:50:41,"Abend-Workout",46min,"Bench Press (Barbell)",Ruhezeit,0.0,0.0,0,120.0,,,
2023-01-30 19:50:41,"Abend-Workout",46min,"Bench Press (Barbell)",3,53.5,7.0,0,0.0,,,
2023-01-30 19:50:41,"Abend-Workout",46min,"Bench Press (Barbell)",Ruhezeit,0.0,0.0,0,150.0,,,
2023-01-30 19:50:41,"Abend-Workout",46min,"Bench Press (Barbell)",4,67.0,7.0,0,0.0,,,
2023-01-30 19:50:41,"Abend-Workout",46min,"Incline Bench Press (Dumbbell)",1,23.5,9.0,0,0.0,,,
2023-01-30 19:50:41,"Abend-Workout",46min,"Incline Bench Press (Dumbbell)",Ruhezeit,0.0,0.0,0,150.0,,,
2023-01-30 19:50:41,"Abend-Workout",46min,"Incline Bench Press (Dumbbell)",2,20.0,11.0,0,0.0,,,
2023-01-30 19:50:41,"Abend-Workout",46min,"Incline Bench Press (Dumbbell)",Ruhezeit,0.0,0.0,0,60.0,,,
2023-01-30 19:50:41,"Abend-Workout",46min,"Incline Bench Press (Dumbbell)",3,21.5,10.0,0,0.0,,,
2023-01-30 19:50:41,"Abend-Workout",46min,"Overhead Press (Barbell)",1,31.0,9.0,0,0.0,,,
2023-01-30 19:50:41,"Abend-Workout",46min,"Overhead Press (Barbell)",Ruhezeit,0.0,0.0,0,120.0,,,
2023-01-30 19:50:41,"Abend-Workout",46min,"Overhead Press (Barbell)",2,36.0,9.0,0,0.0,,,
2023-01-30 19:50:41,"Abend-Workout",46min,"Overhead Press (Barbell)",Ruhezeit,0.0,0.0,0,150.0,,,
2023-01-30 19:50:41,"Abend-Workout",46min,"Overhead Press (Barbell)",3,38.5,9.0,0,0.0,,,
2023-01-30 19:50:41,"Abend-Workout",46min,"Overhead Press (Barbell)",Ruhezeit,0.0,0.0,0,120.0,,,
2023-01-30 19:50:41,"Abend-Workout",46min,"Overhead Press (Barbell)",4,35.0,9.0,0,0.0,,,
2023-01-30 19:50:41,"Abend-Workout",46min,"Lateral Raise (Dumbbell)",1,8.0,13.0,0,0.0,,,
2023-01-30 19:50:41,"Abend-Workout",46min,"Lateral Raise (Dumbbell)",Ruhezeit,0.0,0.0,0,150.0,,,
2023-01-30 19:50:41,"Abend-Workout",46min,"Lateral Raise (Dumbbell)",2,10.0,11.0,0,0.0,,,
2023-01-30 19:50:41,"Abend-Workout",46min,"Lateral Raise (Dumbbell)",Ruhezeit,0.0,0.0,0,90.0,,,
2023-01-30 19:50:41,"Abend-Workout",46min,"Lateral Raise (Dumbbell)",3,9.0,13.0,0,0.0,,,
2023-01-30 19:50:41,"Abend-Workout",46min,"Lateral Raise (Dumbbell)",Ruhezeit,0.0,0.0,0,90.0,,,
2023-01-30 19:50:41,"Abend-Workout",46min,"Lateral Raise (Dumbbell)",4,9.5,12.0,0,0.0,,,
2023-01-30 19:50:41,"Abend-Workout",46min,"Triceps Pushdown (Cable - Straight Bar)",1,23.5,13.0,0,0.0,,,
2023-01-30 19:50:41,"Abend-Workout",46min,"Triceps Pushdown (Cable - Straight Bar)",Ruhezeit,0.0,0.0,0,120.0,,,
2023-01-30 19:50:41,"Abend-Workout",46min,"Triceps Pushdown (Cable - Straight Bar)",2,27.0,13.0,0,0.0,,,
2023-01-30 19:50:41,"Abend-Workout",46min,"Triceps Pushdown (Cable - Straight Bar)",Ruhezeit,0.0,0.0,0,150.0,,,
2023-01-30 19:50:41,"Abend-Workout",46min,"Triceps Pushdown (Cable - Straight Bar)",3,26.5,12.0,0,0.0,,,
2023-01-30 19:50:41,"Abend-Workout",46min,"Push Up",1,0.0,14.0,0,0.0,,,
2023-01-30 19:50:41,"Abend-Workout",46min,"Push Up",Ruhezeit,0.0,0.0,0,60.0,,,
2023-01-30 19:50:41,"Abend-Workout",46min,"Push Up",2,0.0,14.0,0,0.0,,,
2023-01-30 19:50:41,"Abend-Workout",46min,"Push Up",Ruhezeit,0.0,0.0,0,120.0,,,
2023-01-30 19:50:41,"Abend-Workout",46min,"Push Up",3,0.0,14.0,0,0.0,,,
2023-01-30 19:50:41,"Abend-Workout",46min,"Push Up",Ruhezeit,0.0,0.0,0,90.0,,,
2023-01-30 19:50:41,"Abend-Workout",46min,"Push Up",4,0.0,14.0,0,0.0,,,
2023-02-01 18:14:05,"Abend-Workout",1h 6min,"Pull Up",W,-1.0,8.0,0,0.0,,,
2023-02-01 18:14:05,"Abend-Workout",1h 6min,"Pull Up",W,-1.5,8.0,0,0.0,,,
2023-02-01 18:14:05,"Abend-Workout",1h 6min,"Pull Up",1,8.0,9.0,0,0.0,,,
2023-02-01 18:14:05,"Abend-Workout",1h 6min,"Pull Up",Ruhezeit,0.0,0.0,0,150.0,,,
2023-02-01 18:14:05,"Abend-Workout",1h 6min,"Pull Up",2,8.0,7.0,0,0.0,,,
2023-02-01 18:14:05,"Abend-Workout",1h 6min,"Pull Up",Ruhezeit,0.0,0.0,0,60.0,,,
2023-02-01 18:14:05,"Abend-Workout",1h 6min,"Pull Up",3,8.0,9.0,0,0.0,,,
2023-02-01 18:14:05,"Abend-Workout",1h 6min,"Seated Row (Cable)",1,43.0,9.0,0,0.0,,,
2023-02-01 18:14:05,"Abend-Workout",1h 6min,"Seated Row (Cable)",Ruhezeit,0.0,0.0,0,60.0,,,
2023-02-01 18:14:05,"Abend-Workout",1h 6min,"Seated Row (Cable)",2,43.0,11.0,0,0.0,,,
2023-02-01 18:14:05,"Abend-Workout",1h 6min,"Seated Row (Cable)",Ruhezeit,0.0,0.0,0,150.0,,,
2023-02-01 18:14:05,"Abend-Workout",1h 6min,"Seated Row (Cable)",3,49.0,11.0,0,0.0,,,
2023-02-01 18:14:05,"Abend-Workout",1h 6min,"Bicep Curl (Barbell)",1,26.5,9.0,0,0.0,,,
2023-02-01 18:14:05,"Abend-Workout",1h 6min,"Bicep Curl (Barbell)",Ruhezeit,0.0,0.0,0,90.0,,,
2023-02-01 18:14:05,"Abend-Workout",1h 6min,"Bicep Curl (Barbell)",2,27.5,11.0,0,0.0,,,
2023-02-01 18:14:05,"Abend-Workout",1h 6min,"Bicep Curl (Barbell)",Ruhezeit,0.0,0.0,0,150.0,,,
2023-02-01 18:14:05,"Abend-Workout",1h 6min,"Bicep Curl (Barbell)",3,27.5,9.0,0,0.0,,,
2023-02-01 18:14:05,"Abend-Workout",1h 6min,"Bicep Curl (Barbell)",Ruhezeit,0.0,0.0,0,120.0,,,
2023-02-01 18:14:05,"Abend-Workout",1h 6min,"Bicep Curl (Barbell)",4,24.0,11.0,0,0.0,,,
2023-02-01 18:14:05,"Abend-Workout",1h 6min,"Bicep Curl Bench (Dumbell)",1,10.0,13.0,0,0.0,,,
2023-02-01 18:14:05,"Abend-Workout",1h 6min,"Bicep Curl Bench (Dumbell)",Ruhezeit,0.0,0.0,0,120.0,,,
2023-02-01 18:14:05,"Abend-Workout",1h 6min,"Bicep Curl Bench (Dumbell)",2,9.5,12.0,0,0.0,,,
2023-02-01 18:14:05,"Abend-Workout",1h 6min,"Bicep Curl Bench (Dumbell)",Ruhezeit,0.0,0.0,0,150.0,,,
2023-02-01 18:14:05,"Abend-Workout",1h 6min,"Bicep Curl Bench (Dumbell)",3,10.0,11.0,0,0.0,,,
2023-02-01 18:14:05,"Abend-Workout",1h 6min,"Bicep Curl Bench (Dumbell)",Ruhezeit,0.0,0.0,0,120.0,,,
2023-02-01 18:14:05,"Abend-Workout",1h 6min,"Bicep Curl Bench (Dumbell)",4,9.5,11.0,0,0.0,,,
2023-02-01 18:14:05,"Abend-Workout",1h 6min,"Face Pull (Cable)",1,17.5,15.0,0,0.0,,,
2023-02-01 18:14:05,"Abend-Workout",1h 6min,"Face Pull (Cable)",Ruhezeit,0.0,0.0,0,150.0,,,
2023-02-01 18:14:05,"Abend-Workout",1h 6min,"Face Pull (Cable)",2,18.5,16.0,0,0.0,,,
2023-02-01 18:14:05,"Abend-Workout",1h 6min,"Face Pull (Cable)",Ruhezeit,0.0,0.0,0,150.0,,,
2023-02-01 18:14:05,"Abend-Workout",1h 6min,"Face Pull (Cable)",3,19.0,15.0,0,0.0,,,
2023-02-01 18:14:05,"Abend-Workout",1h 6min,"Face Pull (Cable)",Ruhezeit,0.0,0.0,0,120.0,,,
2023-02-01 18:14:05,"Abend-Workout",1h 6min,"Face Pull (Cable)",4,22.0,15.0,0,0.0,,,
2023-02-03 19:43:54,"Abend-Workout",1h 6min,"Squat (Barbell)",W,35.5,8.0,0,0.0,,,
2023-02-03 19:43:54,"Abend-Workout",1h 6min,"Squat (Barbell)",W,35.0,8.0,0,0.0,,,
2023-02-03 19:43:54,"Abend-Workout",1h 6min,"Squat (Barbell)",1,0.0,8.0,0,0.0,,,
2023-02-03 19:43:54,"Abend-Workout",1h 6min,"Squat (Barbell)",Ruhezeit,0.0,0.0,0,150.0,,,
2023-02-03 19:43:54,"Abend-Workout",1h 6min,"Squat (Barbell)",2,64.0,7.0,0,0.0,,,
2023-02-03 19:43:54,"Abend-Workout",1h 6min,"Squat (Barbell)",Ruhezeit,0.0,0.0,0,120.0,,,
2023-02-03 19:43:54,"Abend-Workout",1h 6min,"Squat (Barbell)",3,68.0,7.0,0,0.0,,,
2023-02-03 19:43:54,"Abend-Workout",1h 6min,"Squat (Barbell)",Ruhezeit,0.0,0.0,0,150.0,,,
2023-02-03 19:43:54,"Abend-Workout",1h 6min,"Squat (Barbell)",4,64.5,9.0,0,0.0,,,
2023-02-03 19:43:54,"Abend-Workout",1h 6min,"Leg Press",1,112.0,9.0,0,0.0,,,
2023-02-03 19:43:54,"Abend-Workout",1h 6min,"Leg Press",Ruhezeit,0.0,0.0,0,150.0,,,
2023-02-03 19:43:54,"Abend-Workout",1h 6min,"Leg Press",2,113.0,9.0,0,0.0,,,
2023-02-03 19:43:54,"Abend-Workout",1h 6min,"Leg Press",Ruhezeit,0.0,0.0,0,150.0,,,
2023-02-03 19:43:54,"Abend-Workout",1h 6min,"Leg Press",3,108.0,9.0,0,0.0,,,
2023-02-03 19:43:54,"Abend-Workout",1h 6min,"Leg Press",Ruhezeit,0.0,0.0,0,120.0,,,
2023-02-03 19:43:54,"Abend-Workout",1h 6min,"Leg Press",4,120.5,10.0,0,0.0,,,
2023-02-03 19:43:54,"Abend-Workout",1h 6min,"Leg Extension (Machine)",1,39.5,11.0,0,0.0,,,
2023-02-03 19:43:54,"Abend-Workout",1h 6min,"Leg Extension (Machine)",Ruhezeit,0.0,0.0,0,90.0,,,
2023-02-03 19:43:54,"Abend-Workout",1h 6min,"Leg Extension (Machine)",2,39.0,13.0,0,0.0,,,
2023-02-03 19:43:54,"Abend-Workout",1h 6min,"Leg Extension (Machine)",Ruhezeit,0.0,0.0,0,60.0,,,
2023-02-03 19:43:54,"Abend-Workout",1h 6min,"Leg Extension (Machine)",3,39.0,13.0,0,0.0,,,
2023-02-03 19:43:54,"Abend-Workout",1h 6min,"Standing Calf Raise (Bodyweight)",1,0.0,20.0,0,0.0,,,
2023-02-03 19:43:54,"Abend-Workout",1h 6min,"Standing Calf Raise (Bodyweight)",Ruhezeit,0.0,0.0,0,120.0,,,
2023-02-03 19:43:54,"Abend-Workout",1h 6min,"Standing Calf Raise (Bodyweight)",2,0.0,19.0,0,0.0,,,
2023-02-03 19:43:54,"Abend-Workout",1h 6min,"Standing Calf Raise (Bodyweight)",Ruhezeit,0.0,0.0,0,120.0,,,
2023-02-03 19:43:54,"Abend-Workout",1h 6min,"Standing Calf Raise (Bodyweight)",3,0.0,19.0,0,0.0,,,
2023-02-03 19:43:54,"Abend-Workout",1h 6min,"Single Leg Extension ",1,21.0,11.0,0,0.0,,,
2023-02-03 19:43:54,"Abend-Workout",1h 6min,"Single Leg Extension ",Ruhezeit,0.0,0.0,0,150.0,,,
2023-02-03 19:43:54,"Abend-Workout",1h 6min,"Single Leg Extension ",2,20.5,12.0,0,0.0,,,
2023-02-03 19:43:54,"Abend-Workout",1h 6min,"Single Leg Extension ",Ruhezeit,0.0,0.0,0,150.0,,,
2023-02-03 19:43:54,"Abend-Workout",1h 6min,"Single Leg Extension ",3,20.0,12.0,0,0.0,,,
2023-02-03 19:43:54,"Abend-Workout",1h 6min,"Single Leg Extension ",Ruhezeit,0.0,0.0,0,120.0,,,
2023-02-03 19:43:54,"Abend-Workout",1h 6min,"Single Leg Extension ",4,19.0,11.0,0,0.0,,,
2023-02-03 19:43:54,"Abend-Workout",1h 6min,"Plank",1,0.0,0.0,0,35.0,,,
2023-02-03 19:43:54,"Abend-Workout",1h 6min,"Plank",Ruhezeit,0.0,0.0,0,60.0,,,
2023-02-03 19:43:54,"Abend-Workout",1h 6min,"Plank",2,0.0,0.0,0,40.0,,,
2023-02-03 19:43:54,"Abend-Workout",1h 6min,"Plank",Ruhezeit,0.0,0.0,0,60.0,,,
2023-02-03 19:43:54,"Abend-Workout",1h 6min,"Plank",3,0.0,0.0,0,45.0,,,
2023-02-03 19:43:54,"Abend-Workout",1h 6min,"Push Up (Knees)",1,0.0,12.0,0,0.0,,,
2023-02-03 19:43:54,"Abend-Workout",1h 6min,"Push Up (Knees)",Ruhezeit,0.0,0.0,0,150.0,,,
2023-02-03 19:43:54,"Abend-Workout",1h 6min,"Push Up (Knees)",2,0.0,11.0,0,0.0,,,
2023-02-03 19:43:54,"Abend-Workout",1h 6min,"Running",1,0.0,0.0,1.75,450.0,,,
2023-02-06 19:40:30,"Abend-Workout",47min,"Bench Press (Barbell)",W,30.5,8.0,0,0.0,,,
2023-02-06 19:40:30,"Abend-Workout",47min,"Bench Press (Barbell)",W,31.5,8.0,0,0.0,,,
2023-02-06 19:40:30,"Abend-Workout",47min,"Bench Press (Barbell)",1,53.0,7.0,0,0.0,,,
2023-02-06 19:40:30,"Abend-Workout",47min,"Bench Press (Barbell)",Ruhezeit,0.0,0.0,0,120.0,,,
2023-02-06 19:40:30,"Abend-Workout",47min,"Bench Press (Barbell)",2,67.0,9.0,0,0.0,,,
2023-02-06 19:40:30,"Abend-Workout",47min,"Bench Press (Barbell)",Ruhezeit,0.0,0.0,0,60.0,,,
2023-02-06 19:40:30,"Abend-Workout",47min,"Bench Press (Barbell)",3,58.5,8.0,0,0.0,,,
2023-02-06 19:40:30,"Abend-Workout",47min,"Incline Bench Press (Dumbbell)",1,24.5,10.0,0,0.0,,,
2023-02-06 19:40:30,"Abend-Workout",47min,"Incline Bench Press (Dumbbell)",Ruhezeit,0.0,0.0,0,60.0,,,
2023-02-06 19:40:30,"Abend-Workout",47min,"Incline Bench Press (Dumbbell)",2,21.5,9.0,0,0.0,,,
2023-02-06 19:40:30,"Abend-Workout",47min,"Incline Bench Press (Dumbbell)",Ruhezeit,0.0,0.0,0,120.0,,,
2023-02-06 19:40:30,"Abend-Workout",47min,"Incline Bench Press (Dumbbell)",3,22.5,11.0,0,0.0,,,
2023-02-06 19:40:30,"Abend-Workout",47min,"Overhead Press (Barbell)",1,32.5,7.0,0,0.0,,,
2023-02-06 19:40:30,"Abend-Workout",47min,"Overhead Press (Barbell)",Ruhezeit,0.0,0.0,0,150.0,,,
2023-02-06 19:40:30,"Abend-Workout",47min,"Overhead Press (Barbell)",2,39.0,9.0,0,0.0,,,
2023-02-06 19:40:30,"Abend-Workout",47min,"Overhead Press (Barbell)",Ruhezeit,0.0,0.0,0,120.0,,,
2023-02-06 19:40:30,"Abend-Workout",47min,"Overhead Press (Barbell)",3,36.0,8.0,0,0.0,,,
2023-02-06 19:40:30,"Abend-Workout",47min,"Overhead Press (Barbell)",Ruhezeit,0.0,0.0,0,60.0,,,
2023-02-06 19:40:30,"Abend-Workout",47min,"Overhead Press (Barbell)",4,35.0,7.0,0,0.0,,,
2023-02-06 19:40:30,"Abend-Workout",47min,"Lateral Raise (Dumbbell)",1,9.0,13.0,0,0.0,,,
2023-02-06 19:40:30,"Abend-Workout",47min,"Lateral Raise (Dumbbell)",Ruhezeit,0.0,0.0,0,90.0,,,
2023-02-06 19:40:30,"Abend-Workout",47min,"Lateral Raise (Dumbbell)",2,8.5,12.0,0,0.0,,,
2023-02-06 19:40:30,"Abend-Workout",47min,"Lateral Raise (Dumbbell)",Ruhezeit,0.0,0.0,0,90.0,,,
2023-02-06 19:40:30,"Abend-Workout",47min,"Lateral Raise (Dumbbell)",3,8.5,12.0,0,0.0,,,
2023-02-06 19:40:30,"Abend-Workout",47min,"Lateral Raise (Dumbbell)",Ruhezeit,0.0,0.0,0,150.0,,,
2023-02-06 19:40:30,"Abend-Workout",47min,"Lateral Raise (Dumbbell)",4,8.5,11.0,0,0.0,,,
2023-02-06 19:40:30,"Abend-Workout",47min,"Triceps Pushdown (Cable - Straight Bar)",1,23.5,13.0,0,0.0,,,
2023-02-06 19:40:30,"Abend-Workout",47min,"Triceps Pushdown (Cable - Straight Bar)",Ruhezeit,0.0,0.0,0,120.0,,,
2023-02-06 19:40:30,"Abend-Workout",47min,"Triceps Pushdown (Cable - Straight Bar)",2,26.5,11.0,0,0.0,,,
2023-02-06 19:40:30,"Abend-Workout",47min,"Triceps Pushdown (Cable - Straight Bar)",Ruhezeit,0.0,0.0,0,90.0,,,
2023-02-06 19:40:30,"Abend-Workout",47min,"Triceps Pushdown (Cable - Straight Bar)",3,24.0,11.0,0,0.0,,,
2023-02-06 19:40:30,"Abend-Workout",47min,"Push Up",1,0.0,16.0,0,0.0,,,
2023-02-06 19:40:30,"Abend-Workout",47min,"Push Up",Ruhezeit,0.0,0.0,0,60.0,,,
2023-02-06 19:40:30,"Abend-Workout",47min,"Push Up",2,0.0,15.0,0,0.0,,,
2023-02-06 19:40:30,"Abend-Workout",47min,"Push Up",Ruhezeit,0.0,0.0,0,60.0,,,
2023-02-06 19:40:30,"Abend-Workout",47min,"Push Up",3,0.0,16.0,0,0.0,,,
2023-02-08 18:03:23,"Abend-Workout",1h 22min,"Pull Up",W,-1.0,8.0,0,0.0,,,
2023-02-08 18:03:23,"Abend-Workout",1h 22min,"Pull Up",W,-1.5,8.0,0,0.0,,,
2023-02-08 18:03:23,"Abend-Workout",1h 22min,"Pull Up",1,0.0,8.0,0,0.0,,,
2023-02-08 18:03:23,"Abend-Workout",1h 22min,"Pull Up",Ruhezeit,0.0,0.0,0,120.0,,,
2023-02-08 18:03:23,"Abend-Workout",1h 22min,"Pull Up",2,0.0,8.0,0,0.0,,,
2023-02-08 18:03:23,"Abend-Workout",1h 22min,"Pull Up",Ruhezeit,0.0,0.0,0,60.0,,,
2023-02-08 18:03:23,"Abend-Workout",1h 22min,"Pull Up",3,0.0,7.0,0,0.0,,,
2023-02-08 18:03:23,"Abend-Workout",1h 22min,"Seated Row (Cable)",1,41.5,9.0,0,0.0,,,
2023-02-08 18:03:23,"Abend-Workout",1h 22min,"Seated Row (Cable)",Ruhezeit,0.0,0.0,0,150.0,,,
2023-02-08 18:03:23,"Abend-Workout",1h 22min,"Seated Row (Cable)",2,46.5,9.0,0,0.0,,,
2023-02-08 18:03:23,"Abend-Workout",1h 22min,"Seated Row (Cable)",Ruhezeit,0.0,0.0,0,90.0,,,
2023-02-08 18:03:23,"Abend-Workout",1h 22min,"Seated Row (Cable)",3,50.0,11.0,0,0.0,,,
2023-02-08 18:03:23,"Abend-Workout",1h 22min,"Bicep Curl (Barbell)",1,26.0,9.0,0,0.0,,,
2023-02-08 18:03:23,"Abend-Workout",1h 22min,"Bicep Curl (Barbell)",Ruhezeit,0.0,0.0,0,90.0,,,
2023-02-08 18:03:23,"Abend-Workout",1h 22min,"Bicep Curl (Barbell)",2,23.5,11.0,0,0.0,,,
2023-02-08 18:03:23,"Abend-Workout",1h 22min,"Bicep Curl (Barbell)",Ruhezeit,0.0,0.0,0,120.0,,,
2023-02-08 18:03:23,"Abend-Workout",1h 22min,"Bicep Curl (Barbell)",3,24.0,9.0,0,0.0,,,
2023-02-08 18:03:23,"Abend-Workout",1h 22min,"Bicep Curl (Barbell)",Ruhezeit,0.0,0.0,0,60.0,,,
2023-02-08 18:03:23,"Abend-Workout",1h 22min,"Bicep Curl (Barbell)",4,23.0,10.0,0,0.0,,,
2023-02-08 18:03:23,"Abend-Workout",1h 22min,"Bicep Curl Bench (Dumbell)",1,10.5,13.0,0,0.0,,,
2023-02-08 18:03:23,"Abend-Workout",1h 22min,"Bicep Curl Bench (Dumbell)",Ruhezeit,0.0,0.0,0,90.0,,,
2023-02-08 18:03:23,"Abend-Workout",1h 22min,"Bicep Curl Bench (Dumbell)",2,10.0,11.0,0,0.0,,,
2023-02-08 18:03:23,"Abend-Workout",1h 22min,"Bicep Curl Bench (Dumbell)",Ruhezeit,0.0,0.0,0,90.0,,,
2023-02-08 18:03:23,"Abend-Workout",1h 22min,"Bicep Curl Bench (Dumbell)",3,10.0,13.0,0,0.0,,,
2023-02-08 18:03:23,"Abend-Workout",1h 22min,"Face Pull (Cable)",1,21.5,14.0,0,0.0,,,
2023-02-08 18:03:23,"Abend-Workout",1h 22min,"Face Pull (Cable)",Ruhezeit,0.0,0.0,0,60.0,,,
2023-02-08 18:03:23,"Abend-Workout",1h 22min,"Face Pull (Cable)",2,21.0,15.0,0,0.0,,,
2023-02-08 18:03:23,"Abend-Workout",1h 22min,"Face Pull (Cable)",Ruhezeit,0.0,0.0,0,150.0,,,
2023-02-08 18:03:23,"Abend-Workout",1h 22min,"Face Pull (Cable)",3,21.0,15.0,0,0.0,,,
2023-02-08 18:03:23,"Abend-Workout",1h 22min,"Face Pull (Cable)",Ruhezeit,0.0,0.0,0,150.0,,,
2023-02-08 18:03:23,"Abend-Workout",1h 22min,"Face Pull (Cable)",4,17.5,15.0,0,0.0,,,
2023-02-10 19:53:37,"Abend-Workout",50min,"Squat (Barbell)",W,34.0,8.0,0,0.0,,,
2023-02-10 19:53:37,"Abend-Workout",50min,"Squat (Barbell)",W,34.0,8.0,0,0.0,,,
2023-02-10 19:53:37,"Abend-Workout",50min,"Squat (Barbell)",1,64.0,8.0,0,0.0,,,
2023-02-10 19:53:37,"Abend-Workout",50min,"Squat (Barbell)",Ruhezeit,0.0,0.0,0,60.0,,,
2023-02-10 19:53:37,"Abend-Workout",50min,"Squat (Barbell)",2,71.0,7.0,0,0.0,,,
2023-02-10 19:53:37,"Abend-Workout",50min,"Squat (Barbell)",Ruhezeit,0.0,0.0,0,60.0,,,
2023-02-10 19:53:37,"Abend-Workout",50min,"Squat (Barbell)",3,76.5,8.0,0,0.0,,,
2023-02-10 19:53:37,"Abend-Workout",50min,"Squat (Barbell)",Ruhezeit,0.0,0.0,0,150.0,,,
2023-02-10 19:53:37,"Abend-Workout",50min,"Squat (Barbell)",4,70.0,7.0,0,0.0,,,
2023-02-10 19:53:37,"Abend-Workout",50min,"Leg Press",1,98.5,11.0,0,0.0,,,
2023-02-10 19:53:37,"Abend-Workout",50min,"Leg Press",Ruhezeit,0.0,0.0,0,90.0,,,
2023-02-10 19:53:37,"Abend-Workout",50min,"Leg Press",2,99.0,9.0,0,0.0,,,
2023-02-10 19:53:37,"Abend-Workout",50min,"Leg Press",Ruhezeit,0.0,0.0,0,90.0,,,
2023-02-10 19:53:37,"Abend-Workout",50min,"Leg Press",3,106.0,10.0,0,0.0,,,
2023-02-10 19:53:37,"Abend-Workout",50min,"Leg Extension (Machine)",1,41.0,12.0,0,0.0,,,
2023-02-10 19:53:37,"Abend-Workout",50min,"Leg Extension (Machine)",Ruhezeit,0.0,0.0,0,90.0,,,
2023-02-10 19:53:37,"Abend-Workout",50min,"Leg Extension (Machine)",2,43.0,11.0,0,0.0,,,
2023-02-10 19:53:37,"Abend-Workout",50min,"Leg Extension (Machine)",Ruhezeit,0.0,0.0,0,90.0,,,
2023-02-10 19:53:37,"Abend-Workout",50min,"Leg Extension (Machine)",3,35.0,13.0,0,0.0,,,
2023-02-10 19:53:37,"Abend-Workout",50min,"Leg Extension (Machine)",Ruhezeit,0.0,0.0,0,90.0,,,
2023-02-10 19:53:37,"Abend-Workout",50min,"Leg Extension (Machine)",4,42.5,12.0,0,0.0,,,
2023-02-10 19:53:37,"Abend-Workout",50min,"Standing Calf Raise (Bodyweight)",1,0.0,20.0,0,0.0,,,
2023-02-10 19:53:37,"Abend-Workout",50min,"Standing Calf Raise (Bodyweight)",Ruhezeit,0.0,0.0,0,90.0,,,
2023-02-10 19:53:37,"Abend-Workout",50min,"Standing Calf Raise (Bodyweight)",2,0.0,20.0,0,0.0,,,
2023-02-10 19:53:37,"Abend-Workout",50min,"Standing Calf Raise (Bodyweight)",Ruhezeit,0.0,0.0,0,90.0,,,
2023-02-10 19:53:37,"Abend-Workout",50min,"Standing Calf Raise (Bodyweight)",3,0.0,21.0,0,0.0,,,
2023-02-10 19:53:37,"Abend-Workout",50min,"Single Leg Extension ",1,19.5,12.0,0,0.0,,,
2023-02-10 19:53:37,"Abend-Workout",50min,"Single Leg Extension ",Ruhezeit,0.0,0.0,0,60.0,,,
2023-02-10 19:53:37,"Abend-Workout",50min,"Single Leg Extension ",2,21.0,11.0,0,0.0,,,
2023-02-10 19:53:37,"Abend-Workout",50min,"Single Leg Extension ",Ruhezeit,0.0,0.0,0,90.0,,,
2023-02-10 19:53:37,"Abend-Workout",50min,"Single Leg Extension ",3,20.0,13.0,0,0.0,,,
2023-02-10 19:53:37,"Abend-Workout",50min,"Plank",1,0.0,0.0,0,35.0,,,
2023-02-10 19:53:37,"Abend-Workout",50min,"Plank",Ruhezeit,0.0,0.0,0,60.0,,,
2023-02-10 19:53:37,"Abend-Workout",50min,"Plank",2,0.0,0.0,0,40.0,,,
2023-02-10 19:53:37,"Abend-Workout",50min,"Plank",Ruhezeit,0.0,0.0,0,120.0,,,
2023-02-10 19:53:37,"Abend-Workout",50min,"Plank",3,0.0,0.0,0,45.0,,,
2023-02-13 19:06:49,"Abend-Workout",49min,"Bench Press (Barbell)",W,30.0,8.0,0,0.0,,,
2023-02-13 19:06:49,"Abend-Workout",49min,"Bench Press (Barbell)",W,32.0,8.0,0,0.0,,,
2023-02-13 19:06:49,"Abend-Workout",49min,"Bench Press (Barbell)",1,64.5,8.0,0,0.0,,,
2023-02-13 19:06:49,"Abend-Workout",49min,"Bench Press (Barbell)",Ruhezeit,0.0,0.0,0,120.0,,,
2023-02-13 19:06:49,"Abend-Workout",49min,"Bench Press (Barbell)",2,66.0,8.0,0,0.0,,,
2023-02-13 19:06:49,"Abend-Workout",49min,"Bench Press (Barbell)",Ruhezeit,0.0,0.0,0,150.0,,,
2023-02-13 19:06:49,"Abend-Workout",49min,"Bench Press (Barbell)",3,55.0,9.0,0,0.0,,,
2023-02-13 19:06:49,"Abend-Workout",49min,"Bench Press (Barbell)",Ruhezeit,0.0,0.0,0,90.0,,,
2023-02-13 19:06:49,"Abend-Workout",49min,"Bench Press (Barbell)",4,63.5,7.0,0,0.0,,,
2023-02-13 19:06:49,"Abend-Workout",49min,"Incline Bench Press (Dumbbell)",1,20.5,9.0,0,0.0,,,
2023-02-13 19:06:49,"Abend-Workout",49min,"Incline Bench Press (Dumbbell)",Ruhezeit,0.0,0.0,0,90.0,,,
2023-02-13 19:06:49,"Abend-Workout",49min,"Incline Bench Press (Dumbbell)",2,19.5,10.0,0,0.0,,,
2023-02-13 19:06:49,"Abend-Workout",49min,"Incline Bench Press (Dumbbell)",Ruhezeit,0.0,0.0,0,90.0,,,
2023-02-13 19:06:49,"Abend-Workout",49min,"Incline Bench Press (Dumbbell)",3,24.0,9.0,0,0.0,,,
2023-02-13 19:06:49,"Abend-Workout",49min,"Incline Bench Press (Dumbbell)",Ruhezeit,0.0,0.0,0,90.0,,,
2023-02-13 19:06:49,"Abend-Workout",49min,"Incline Bench Press (Dumbbell)",4,20.0,11.0,0,0.0,,,
2023-02-13 19:06:49,"Abend-Workout",49min,"Overhead Press (Barbell)",1,37.0,9.0,0,0.0,,,
2023-02-13 19:06:49,"Abend-Workout",49min,"Overhead Press (Barbell)",Ruhezeit,0.0,0.0,0,60.0,,,
2023-02-13 19:06:49,"Abend-Workout",49min,"Overhead Press (Barbell)",2,36.0,9.0,0,0.0,,,
2023-02-13 19:06:49,"Abend-Workout",49min,"Overhead Press (Barbell)",Ruhezeit,0.0,0.0,0,90.0,,,
2023-02-13 19:06:49,"Abend-Workout",49min,"Overhead Press (Barbell)",3,34.5,9.0,0,0.0,,,
2023-02-13 19:06:49,"Abend-Workout",49min,"Lateral Raise (Dumbbell)",1,8.0,11.0,0,0.0,,,
2023-02-13 19:06:49,"Abend-Workout",49min,"Lateral Raise (Dumbbell)",Ruhezeit,0.0,0.0,0,60.0,,,
2023-02-13 19:06:49,"Abend-Workout",49min,"Lateral Raise (Dumbbell)",2,8.5,12.0,0,0.0,,,
2023-02-13 19:06:49,"Abend-Workout",49min,"Lateral Raise (Dumbbell)",Ruhezeit,0.0,0.0,0,60.0,,,
2023-02-13 19:06:49,"Abend-Workout",49min,"Lateral Raise (Dumbbell)",3,9.0,12.0,0,0.0,,,
2023-02-13 19:06:49,"Abend-Workout",49min,"Lateral Raise (Dumbbell)",Ruhezeit,0.0,0.0,0,120.0,,,
2023-02-13 19:06:49,"Abend-Workout",49min,"Lateral Raise (Dumbbell)",4,9.0,11.0,0,0.0,,,
2023-02-13 19:06:49,"Abend-Workout",49min,"Triceps Pushdown (Cable - Straight Bar)",1,25.0,12.0,0,0.0,,,
2023-02-13 19:06:49,"Abend-Workout",49min,"Triceps Pushdown (Cable - Straight Bar)",Ruhezeit,0.0,0.0,0,90.0,,,
2023-02-13 19:06:49,"Abend-Workout",49min,"Triceps Pushdown (Cable - Straight Bar)",2,24.5,12.0,0,0.0,,,
2023-02-13 19:06:49,"Abend-Workout",49min,"Triceps Pushdown (Cable - Straight Bar)",Ruhezeit,0.0,0.0,0,120.0,,,
2023-02-13 19:06:49,"Abend-Workout",49min,"Triceps Pushdown (Cable - Straight Bar)",3,22.0,11.0,0,0.0,,,
2023-02-13 19:06:49,"Abend-Workout",49min,"Triceps Pushdown (Cable - Straight Bar)",Ruhezeit,0.0,0.0,0,60.0,,,
2023-02-13 19:06:49,"Abend-Workout",49min,"Triceps Pushdown (Cable - Straight Bar)",4,22.5,12.0,0,0.0,,,
2023-02-13 19:06:49,"Abend-Workout",49min,"Push Up",1,0.0,14.0,0,0.0,,,
2023-02-13 19:06:49,"Abend-Workout",49min,"Push Up",Ruhezeit,0.0,0.0,0,90.0,,,
2023-02-13 19:06:49,"Abend-Workout",49min,"Push Up",2,0.0,14.0,0,0.0,,,
2023-02-13 19:06:49,"Abend-Workout",49min,"Push Up",Ruhezeit,0.0,0.0,0,60.0,,,
2023-02-13 19:06:49,"Abend-Workout",49min,"Push Up",3,0.0,14.0,0,0.0,,,
2023-02-13 19:06:49,"Abend-Workout",49min,"Push Up",Ruhezeit,0.0,0.0,0,120.0,,,
2023-02-13 19:06:49,"Abend-Workout",49min,"Push Up",4,0.0,15.0,0,0.0,,,
2023-02-13 19:06:49,"Abend-Workout",49min,"Push Up (Knees)",1,0.0,13.0,0,0.0,,,
2023-02-13 19:06:49,"Abend-Workout",49min,"Push Up (Knees)",Ruhezeit,0.0,0.0,0,60.0,,,
2023-02-13 19:06:49,"Abend-Workout",49min,"Push Up (Knees)",2,0.0,11.0,0,0.0,,,
2023-02-15 19:07:14,"Abend-Workout",57min,"Pull Up",W,-2.0,8.0,0,0.0,,,
2023-02-15 19:07:14,"Abend-Workout",57min,"Pull Up",W,-1.0,8.0,0,0.0,,,
2023-02-15 19:07:14,"Abend-Workout",57min,"Pull Up",1,10.0,9.0,0,0.0,,,
2023-02-15 19:07:14,"Abend-Workout",57min,"Pull Up",Ruhezeit,0.0,0.0,0,90.0,,,
2023-02-15 19:07:14,"Abend-Workout",57min,"Pull Up",2,10.0,8.0,0,0.0,,,
2023-02-15 19:07:14,"Abend-Workout",57min,"Pull Up",Ruhezeit,0.0,0.0,0,150.0,,,
2023-02-15 19:07:14,"Abend-Workout",57min,"Pull Up",3,10.0,9.0,0,0.0,,,
2023-02-15 19:07:14,"Abend-Workout",57min,"Pull Up",Ruhezeit,0.0,0.0,0,60.0,,,
2023-02-15 19:07:14,"Abend-Workout",57min,"Pull Up",4,10.0,0.0,0,0.0,,,
2023-02-15 19:07:14,"Abend-Workout",57min,"Seated Row (Cable)",1,41.0,9.0,0,0.0,,,
2023-02-15 19:07:14,"Abend-Workout",57min,"Seated Row (Cable)",Ruhezeit,0.0,0.0,0,120.0,,,
2023-02-15 19:07:14,"Abend-Workout",57min,"Seated Row (Cable)",2,46.0,11.0,0,0.0,,,
2023-02-15 19:07:14,"Abend-Workout",57min,"Seated Row (Cable)",Ruhezeit,0.0,0.0,0,120.0,,,
2023-02-15 19:07:14,"Abend-Workout",57min,"Seated Row (Cable)",3,48.0,10.0,0,0.0,,,
2023-02-15 19:07:14,"Abend-Workout",57min,"Bicep Curl (Barbell)",1,24.0,11.0,0,0.0,,,
2023-02-15 19:07:14,"Abend-Workout",57min,"Bicep Curl (Barbell)",Ruhezeit,0.0,0.0,0,60.0,,,
2023-02-15 19:07:14,"Abend-Workout",57min,"Bicep Curl (Barbell)",2,27.0,10.0,0,0.0,,,
2023-02-15 19:07:14,"Abend-Workout",57min,"Bicep Curl (Barbell)",Ruhezeit,0.0,0.0,0,60.0,,,
2023-02-15 19:07:14,"Abend-Workout",57min,"Bicep Curl (Barbell)",3,22.0,11.0,0,0.0,,,
2023-02-15 19:07:14,"Abend-Workout",57min,"Bicep Curl (Barbell)",Ruhezeit,0.0,0.0,0,150.0,,,
2023-02-15 19:07:14,"Abend-Workout",57min,"Bicep Curl (Barbell)",4,28.0,11.0,0,0.0,,,
2023-02-15 19:07:14,"Abend-Workout",57min,"Bicep Curl Bench (Dumbell)",1,9.5,11.0,0,0.0,,,
2023-02-15 19:07:14,"Abend-Workout",57min,"Bicep Curl Bench (Dumbell)",Ruhezeit,0.0,0.0,0,120.0,,,
2023-02-15 19:07:14,"Abend-Workout",57min,"Bicep Curl Bench (Dumbell)",2,10.0,13.0,0,0.0,,,
2023-02-15 19:07:14,"Abend-Workout",57min,"Bicep Curl Bench (Dumbell)",Ruhezeit,0.0,0.0,0,90.0,,,
2023-02-15 19:07:14,"Abend-Workout",57min,"Bicep Curl Bench (Dumbell)",3,9.0,13.0,0,0.0,,,
2023-02-15 19:07:14,"Abend-Workout",57min,"Bicep Curl Bench (Dumbell)",Ruhezeit,0.0,0.0,0,150.0,,,
2023-02-15 19:07:14,"Abend-Workout",57min,"Bicep Curl Bench (Dumbell)",4,9.5,12.0,0,0.0,,,
2023-02-15 19:07:14,"Abend-Workout",57min,"Face Pull (Cable)",1,17.5,15.0,0,0.0,,,
2023-02-15 19:07:14,"Abend-Workout",57min,"Face Pull (Cable)",Ruhezeit,0.0,0.0,0,120.0,,,
2023-02-15 19:07:14,"Abend-Workout",57min,"Face Pull (Cable)",2,19.5,14.0,0,0.0,,,
2023-02-15 19:07:14,"Abend-Workout",57min,"Face Pull (Cable)",Ruhezeit,0.0,0.0,0,120.0,,,
2023-02-15 19:07:14,"Abend-Workout",57min,"Face Pull (Cable)",3,21.0,14.0,0,0.0,,,
2023-02-17 18:04:50,"Abend-Workout",57min,"Squat (Barbell)",W,36.5,8.0,0,0.0,,,
2023-02-17 18:04:50,"Abend-Workout",57min,"Squat (Barbell)",W,34.0,8.0,0,0.0,,,
2023-02-17 18:04:50,"Abend-Workout",57min,"Squat (Barbell)",1,63.5,8.0,0,0.0,,,
2023-02-17 18:04:50,"Abend-Workout",57min,"Squat (Barbell)",Ruhezeit,0.0,0.0,0,120.0,,,
2023-02-17 18:04:50,"Abend-Workout",57min,"Squat (Barbell)",2,69.0,7.0,0,0.0,,,
2023-02-17 18:04:50,"Abend-Workout",57min,"Squat (Barbell)",Ruhezeit,0.0,0.0,0,150.0,,,
2023-02-17 18:04:50,"Abend-Workout",57min,"Squat (Barbell)",3,75.5,8.0,0,0.0,,,
2023-02-17 18:04:50,"Abend-Workout",57min,"Leg Press",1,102.0,9.0,0,0.0,,,
2023-02-17 18:04:50,"Abend-Workout",57min,"Leg Press",Ruhezeit,0.0,0.0,0,150.0,,,
2023-02-17 18:04:50,"Abend-Workout",57min,"Leg Press",2,119.0,10.0,0,0.0,,,
2023-02-17 18:04:50,"Abend-Workout",57min,"Leg Press",Ruhezeit,0.0,0.0,0,60.0,,,
2023-02-17 18:04:50,"Abend-Workout",57min,"Leg Press",3,109.0,9.0,0,0.0,,,
2023-02-17 18:04:50,"Abend-Workout",57min,"Leg Press",Ruhezeit,0.0,0.0,0,60.0,,,
2023-02-17 18:04:50,"Abend-Workout",57min,"Leg Press",4,122.0,9.0,0,0.0,,,
2023-02-17 18:04:50,"Abend-Workout",57min,"Leg Extension (Machine)",1,43.5,11.0,0,0.0,,,
2023-02-17 18:04:50,"Abend-Workout",57min,"Leg Extension (Machine)",Ruhezeit,0.0,0.0,0,120.0,,,
2023-02-17 18:04:50,"Abend-Workout",57min,"Leg Extension (Machine)",2,41.5,11.0,0,0.0,,,
2023-02-17 18:04:50,"Abend-Workout",57min,"Leg Extension (Machine)",Ruhezeit,0.0,0.0,0,60.0,,,
2023-02-17 18:04:50,"Abend-Workout",57min,"Leg Extension (Machine)",3,38.5,11.0,0,0.0,,,
2023-02-17 18:04:50,"Abend-Workout",57min,"Standing Calf Raise (Bodyweight)",1,0.0,20.0,0,0.0,,,
2023-02-17 18:04:50,"Abend-Workout",57min,"Standing Calf Raise (Bodyweight)",Ruhezeit,0.0,0.0,0,120.0,,,
2023-02-17 18:04:50,"Abend-Workout",57min,"Standing Calf Raise (Bodyweight)",2,0.0,20.0,0,0.0,,,
2023-02-17 18:04:50,"Abend-Workout",57min,"Standing Calf Raise (Bodyweight)",Ruhezeit,0.0,0.0,0,90.0,,,
2023-02-17 18:04:50,"Abend-Workout",57min,"Standing Calf Raise (Bodyweight)",3,0.0,19.0,0,0.0,,,
2023-02-17 18:04:50,"Abend-Workout",57min,"Single Leg Extension ",1,18.0,11.0,0,0.0,,,
2023-02-17 18:04:50,"Abend-Workout",57min,"Single Leg Extension ",Ruhezeit,0.0,0.0,0,150.0,,,
2023-02-17 18:04:50,"Abend-Workout",57min,"Single Leg Extension ",2,21.0,13.0,0,0.0,,,
2023-02-17 18:04:50,"Abend-Workout",57min,"Single Leg Extension ",Ruhezeit,0.0,0.0,0,150.0,,,
2023-02-17 18:04:50,"Abend-Workout",57min,"Single Leg Extension ",3,18.0,11.0,0,0.0,,,
2023-02-17 18:04:50,"Abend-Workout",57min,"Plank",1,0.0,0.0,0,35.0,,,
2023-02-17 18:04:50,"Abend-Workout",57min,"Plank",Ruhezeit,0.0,0.0,0,90.0,,,
2023-02-17 18:04:50,"Abend-Workout",57min,"Plank",2,0.0,0.0,0,40.0,,,
2023-02-17 18:04:50,"Abend-Workout",57min,"Plank",Ruhezeit,0.0,0.0,0,60.0,,,
2023-02-17 18:04:50,"Abend-Workout",57min,"Plank",3,0.0,0.0,0,45.0,,,
2023-02-17 18:04:50,"Abend-Workout",57min,"Running",1,0.0,0.0,1.75,450.0,,,
2023-02-20 19:22:04,"Abend-Workout",1h 20min,"Bench Press (Barbell)",W,28.5,8.0,0,0.0,,,
2023-02-20 19:22:04,"Abend-Workout",1h 20min,"Bench Press (Barbell)",W,29.5,8.0,0,0.0,,,
2023-02-20 19:22:04,"Abend-Workout",1h 20min,"Bench Press (Barbell)",1,59.5,7.0,0,0.0,,,
2023-02-20 19:22:04,"Abend-Workout",1h 20min,"Bench Press (Barbell)",Ruhezeit,0.0,0.0,0,60.0,,,
2023-02-20 19:22:04,"Abend-Workout",1h 20min,"Bench Press (Barbell)",2,56.5,8.0,0,0.0,,,
2023-02-20 19:22:04,"Abend-Workout",1h 20min,"Bench Press (Barbell)",Ruhezeit,0.0,0.0,0,120.0,,,
2023-02-20 19:22:04,"Abend-Workout",1h 20min,"Bench Press (Barbell)",3,66.0,8.0,0,0.0,,,
2023-02-20 19:22:04,"Abend-Workout",1h 20min,"Incline Bench Press (Dumbbell)",1,20.5,10.0,0,0.0,,,
2023-02-20 19:22:04,"Abend-Workout",1h 20min,"Incline Bench Press (Dumbbell)",Ruhezeit,0.0,0.0,0,90.0,,,
2023-02-20 19:22:04,"Abend-Workout",1h 20min,"Incline Bench Press (Dumbbell)",2,19.5,9.0,0,0.0,,,
2023-02-20 19:22:04,"Abend-Workout",1h 20min,"Incline Bench Press (Dumbbell)",Ruhezeit,0.0,0.0,0,60.0,,,
2023-02-20 19:22:04,"Abend-Workout",1h 20min,"Incline Bench Press (Dumbbell)",3,22.0,11.0,0,0.0,,,
2023-02-20 19:22:04,"Abend-Workout",1h 20min,"Incline Bench Press (Dumbbell)",Ruhezeit,0.0,0.0,0,120.0,,,
2023-02-20 19:22:04,"Abend-Workout",1h 20min,"Incline Bench Press (Dumbbell)",4,19.5,11.0,0,0.0,,,
2023-02-20 19:22:04,"Abend-Workout",1h 20min,"Overhead Press (Barbell)",1,36.0,7.0,0,0.0,,,
2023-02-20 19:22:04,"Abend-Workout",1h 20min,"Overhead Press (Barbell)",Ruhezeit,0.0,0.0,0,60.0,,,
2023-02-20 19:22:04,"Abend-Workout",1h 20min,"Overhead Press (Barbell)",2,31.5,9.0,0,0.0,,,
2023-02-20 19:22:04,"Abend-Workout",1h 20min,"Overhead Press (Barbell)",Ruhezeit,0.0,0.0,0,90.0,,,
2023-02-20 19:22:04,"Abend-Workout",1h 20min,"Overhead Press (Barbell)",3,33.0,9.0,0,0.0,,,
2023-02-20 19:22:04,"Abend-Workout",1h 20min,"Overhead Press (Barbell)",Ruhezeit,0.0,0.0,0,150.0,,,
2023-02-20 19:22:04,"Abend-Workout",1h 20min,"Overhead Press (Barbell)",4,37.5,7.0,0,0.0,,,
2023-02-20 19:22:04,"Abend-Workout",1h 20min,"Lateral Raise (Dumbbell)",1,10.0,11.0,0,0.0,,,
2023-02-20 19:22:04,"Abend-Workout",1h 20min,"Lateral Raise (Dumbbell)",Ruhezeit,0.0,0.0,0,120.0,,,
2023-02-20 19:22:04,"Abend-Workout",1h 20min,"Lateral Raise (Dumbbell)",2,9.5,11.0,0,0.0,,,
2023-02-20 19:22:04,"Abend-Workout",1h 20min,"Lateral Raise (Dumbbell)",Ruhezeit,0.0,0.0,0,60.0,,,
2023-02-20 19:22:04,"Abend-Workout",1h 20min,"Lateral Raise (Dumbbell)",3,9.5,11.0,0,0.0,,,
2023-02-20 19:22:04,"Abend-Workout",1h 20min,"Triceps Pushdown (Cable - Straight Bar)",1,23.0,12.0,0,0.0,,,
2023-02-20 19:22:04,"Abend-Workout",1h 20min,"Triceps Pushdown (Cable - Straight Bar)",Ruhezeit,0.0,0.0,0,120.0,,,
2023-02-20 19:22:04,"Abend-Workout",1h 20min,"Triceps Pushdown (Cable - Straight Bar)",2,24.0,12.0,0,0.0,,,
2023-02-20 19:22:04,"Abend-Workout",1h 20min,"Triceps Pushdown (Cable - Straight Bar)",Ruhezeit,0.0,0.0,0,120.0,,,
2023-02-20 19:22:04,"Abend-Workout",1h 20min,"Triceps Pushdown (Cable - Straight Bar)",3,22.0,11.0,0,0.0,,,
2023-02-20 19:22:04,"Abend-Workout",1h 20min,"Triceps Pushdown (Cable - Straight Bar)",Ruhezeit,0.0,0.0,0,90.0,,,
2023-02-20 19:22:04,"Abend-Workout",1h 20min,"Triceps Pushdown (Cable - Straight Bar)",4,27.5,12.0,0,0.0,,,
2023-02-20 19:22:04,"Abend-Workout",1h 20min,"Push Up",1,0.0,15.0,0,0.0,,,
2023-02-20 19:22:04,"Abend-Workout",1h 20min,"Push Up",Ruhezeit,0.0,0.0,0,60.0,,,
2023-02-20 19:22:04,"Abend-Workout",1h 20min,"Push Up",2,0.0,16.0,0,0.0,,,
2023-02-20 19:22:04,"Abend-Workout",1h 20min,"Push Up",Ruhezeit,0.0,0.0,0,120.0,,,
2023-02-20 19:22:04,"Abend-Workout",1h 20min,"Push Up",3,0.0,15.0,0,0.0,,,
2023-02-20 19:22:04,"Abend-Workout",1h 20min,"Push Up",Ruhezeit,0.0,0.0,0,120.0,,,
2023-02-20 19:22:04,"Abend-Workout",1h 20min,"Push Up",4,0.0,15.0,0,0.0,,,
2023-02-22 19:25:34,"Abend-Workout",1h 23min,"Pull Up",W,-1.5,8.0,0,0.0,,,
2023-02-22 19:25:34,"Abend-Workout",1h 23min,"Pull Up",W,1.5,8.0,0,0.0,,,
2023-02-22 19:25:34,"Abend-Workout",1h 23min,"Pull Up",1,0.0,8.0,0,0.0,,,
2023-02-22 19:25:34,"Abend-Workout",1h 23min,"Pull Up",Ruhezeit,0.0,0.0,0,120.0,,,
2023-02-22 19:25:34,"Abend-Workout",1h 23min,"Pull Up",2,0.0,9.0,0,0.0,,,
2023-02-22 19:25:34,"Abend-Workout",1h 23min,"Pull Up",Ruhezeit,0.0,0.0,0,60.0,,,
2023-02-22 19:25:34,"Abend-Workout",1h 23min,"Pull Up",3,0.0,9.0,0,0.0,,,
2023-02-22 19:25:34,"Abend-Workout",1h 23min,"Seated Row (Cable)",1,49.0,9.0,0,0.0,,,
2023-02-22 19:25:34,"Abend-Workout",1h 23min,"Seated Row (Cable)",Ruhezeit,0.0,0.0,0,150.0,,,
2023-02-22 19:25:34,"Abend-Workout",1h 23min,"Seated Row (Cable)",2,42.0,10.0,0,0.0,,,
2023-02-22 19:25:34,"Abend-Workout",1h 23min,"Seated Row (Cable)",Ruhezeit,0.0,0.0,0,150.0,,,
2023-02-22 19:25:34,"Abend-Workout",1h 23min,"Seated Row (Cable)",3,41.5,11.0,0,0.0,,,
2023-02-22 19:25:34,"Abend-Workout",1h 23min,"Bicep Curl (Barbell)",1,25.0,11.0,0,0.0,,,
2023-02-22 19:25:34,"Abend-Workout",1h 23min,"Bicep Curl (Barbell)",Ruhezeit,0.0,0.0,0,90.0,,,
2023-02-22 19:25:34,"Abend-Workout",1h 23min,"Bicep Curl (Barbell)",2,22.5,9.0,0,0.0,,,
2023-02-22 19:25:34,"Abend-Workout",1h 23min,"Bicep Curl (Barbell)",Ruhezeit,0.0,0.0,0,150.0,,,
2023-02-22 19:25:34,"Abend-Workout",1h 23min,"Bicep Curl (Barbell)",3,22.0,11.0,0,0.0,,,
2023-02-22 19:25:34,"Abend-Workout",1h 23min,"Bicep Curl (Barbell)",Ruhezeit,0.0,0.0,0,150.0,,,
2023-02-22 19:25:34,"Abend-Workout",1h 23min,"Bicep Curl (Barbell)",4,27.0,9.0,0,0.0,,,
2023-02-22 19:25:34,"Abend-Workout",1h 23min,"Bicep Curl Bench (Dumbell)",1,9.0,13.0,0,0.0,,,
2023-02-22 19:25:34,"Abend-Workout",1h 23min,"Bicep Curl Bench (Dumbell)",Ruhezeit,0.0,0.0,0,60.0,,,
2023-02-22 19:25:34,"Abend-Workout",1h 23min,"Bicep Curl Bench (Dumbell)",2,9.0,12.0,0,0.0,,,
2023-02-22 19:25:34,"Abend-Workout",1h 23min,"Bicep Curl Bench (Dumbell)",Ruhezeit,0.0,0.0,0,90.0,,,
2023-02-22 19:25:34,"Abend-Workout",1h 23min,"Bicep Curl Bench (Dumbell)",3,11.0,11.0,0,0.0,,,
2023-02-22 19:25:34,"Abend-Workout",1h 23min,"Face Pull (Cable)",1,20.0,14.0,0,0.0,,,
2023-02-22 19:25:34,"Abend-Workout",1h 23min,"Face Pull (Cable)",Ruhezeit,0.0,0.0,0,150.0,,,
2023-02-22 19:25:34,"Abend-Workout",1h 23min,"Face Pull (Cable)",2,21.0,15.0,0,0.0,,,
2023-02-22 19:25:34,"Abend-Workout",1h 23min,"Face Pull (Cable)",Ruhezeit,0.0,0.0,0,60.0,,,
2023-02-22 19:25:34,"Abend-Workout",1h 23min,"Face Pull (Cable)",3,20.5,16.0,0,0.0,,,
2023-02-22 19:25:34,"Abend-Workout",1h 23min,"Face Pull (Cable)",Ruhezeit,0.0,0.0,0,60.0,,,
2023-02-22 19:25:34,"Abend-Workout",1h 23min,"Face Pull (Cable)",4,22.0,14.0,0,0.0,,,
2023-02-22 19:25:34,"Abend-Workout",1h 23min,"Push Up (Knees)",1,0.0,12.0,0,0.0,,,
2023-02-22 19:25:34,"Abend-Workout",1h 23min,"Push Up (Knees)",Ruhezeit,0.0,0.0,0,90.0,,,
2023-02-22 19:25:34,"Abend-Workout",1h 23min,"Push Up (Knees)",2,0.0,11.0,0,0.0,,,
2023-02-24 17:55:38,"Abend-Workout",52min,"Squat (Barbell)",W,35.0,8.0,0,0.0,,,
2023-02-24 17:55:38,"Abend-Workout",52min,"Squat (Barbell)",W,35.5,8.0,0,0.0,,,
2023-02-24 17:55:38,"Abend-Workout",52min,"Squat (Barbell)",1,65.0,8.0,0,0.0,,,
2023-02-24 17:55:38,"Abend-Workout",52min,"Squat (Barbell)",Ruhezeit,0.0,0.0,0,90.0,,,
2023-02-24 17:55:38,"Abend-Workout",52min,"Squat (Barbell)",2,66.5,8.0,0,0.0,,,
2023-02-24 17:55:38,"Abend-Workout",52min,"Squat (Barbell)",Ruhezeit,0.0,0.0,0,90.0,,,
2023-02-24 17:55:38,"Abend-Workout",52min,"Squat (Barbell)",3,64.0,7.0,0,0.0,,,
2023-02-24 17:55:38,"Abend-Workout",52min,"Leg Press",1,98.0,9.0,0,0.0,,,
2023-02-24 17:55:38,"Abend-Workout",52min,"Leg Press",Ruhezeit,0.0,0.0,0,150.0,,,
2023-02-24 17:55:38,"Abend-Workout",52min,"Leg Press",2,120.5,10.0,0,0.0,,,
2023-02-24 17:55:38,"Abend-Workout",52min,"Leg Press",Ruhezeit,0.0,0.0,0,60.0,,,
2023-02-24 17:55:38,"Abend-Workout",52min,"Leg Press",3,111.0,11.0,0,0.0,,,
2023-02-24 17:55:38,"Abend-Workout",52min,"Leg Extension (Machine)",1,38.0,13.0,0,0.0,,,
2023-02-24 17:55:38,"Abend-Workout",52min,"Leg Extension (Machine)",Ruhezeit,0.0,0.0,0,60.0,,,
2023-02-24 17:55:38,"Abend-Workout",52min,"Leg Extension (Machine)",2,37.5,12.0,0,0.0,,,
2023-02-24 17:55:38,"Abend-Workout",52min,"Leg Extension (Machine)",Ruhezeit,0.0,0.0,0,120.0,,,
2023-02-24 17:55:38,"Abend-Workout",52min,"Leg Extension (Machine)",3,43.0,13.0,0,0.0,,,
2023-02-24 17:55:38,"Abend-Workout",52min,"Leg Extension (Machine)",Ruhezeit,0.0,0.0,0,150.0,,,
2023-02-24 17:55:38,"Abend-Workout",52min,"Leg Extension (Machine)",4,35.5,13.0,0,0.0,,,
2023-02-24 17:55:38,"Abend-Workout",52min,"Standing Calf Raise (Bodyweight)",1,0.0,20.0,0,0.0,,,
2023-02-24 17:55:38,"Abend-Workout",52min,"Standing Calf Raise (Bodyweight)",Ruhezeit,0.0,0.0,0,90.0,,,
2023-02-24 17:55:38,"Abend-Workout",52min,"Standing Calf Raise (Bodyweight)",2,0.0,19.0,0,0.0,,,
2023-02-24 17:55:38,"Abend-Workout",52min,"Standing Calf Raise (Bodyweight)",Ruhezeit,0.0,0.0,0,150.0,,,
2023-02-24 17:55:38,"Abend-Workout",52min,"Standing Calf Raise (Bodyweight)",3,0.0,20.0,0,0.0,,,
2023-02-24 17:55:38,"Abend-Workout",52min,"Standing Calf Raise (Bodyweight)",Ruhezeit,0.0,0.0,0,150.0,,,
2023-02-24 17:55:38,"Abend-Workout",52min,"Standing Calf Raise (Bodyweight)",4,0.0,21.0,0,0.0,,,
2023-02-24 17:55:38,"Abend-Workout",52min,"Single Leg Extension ",1,19.0,12.0,0,0.0,,,
2023-02-24 17:55:38,"Abend-Workout",52min,"Single Leg Extension ",Ruhezeit,0.0,0.0,0,150.0,,,
2023-02-24 17:55:38,"Abend-Workout",52min,"Single Leg Extension ",2,20.0,11.0,0,0.0,,,
2023-02-24 17:55:38,"Abend-Workout",52min,"Single Leg Extension ",Ruhezeit,0.0,0.0,0,90.0,,,
2023-02-24 17:55:38,"Abend-Workout",52min,"Single Leg Extension ",3,19.0,12.0,0,0.0,,,
2023-02-24 17:55:38,"Abend-Workout",52min,"Single Leg Extension ",Ruhezeit,0.0,0.0,0,60.0,,,
2023-02-24 17:55:38,"Abend-Workout",52min,"Single Leg Extension ",4,21.0,12.0,0,0.0,,,
2023-02-24 17:55:38,"Abend-Workout",52min,"Plank",1,0.0,0.0,0,35.0,,,
2023-02-24 17:55:38,"Abend-Workout",52min,"Plank",Ruhezeit,0.0,0.0,0,60.0,,,
2023-02-24 17:55:38,"Abend-Workout",52min,"Plank",2,0.0,0.0,0,40.0,,,
2023-02-24 17:55:38,"Abend-Workout",52min,"Plank",Ruhezeit,0.0,0.0,0,90.0,,,
2023-02-24 17:55:38,"Abend-Workout",52min,"Plank",3,0.0,0.0,0,45.0,,,
2023-04-03 19:09:24,"Abend-Workout",1h 4min,"Bench Press (Barbell)",W,32.0,8.0,0,0.0,,,
2023-04-03 19:09:24,"Abend-Workout",1h 4min,"Bench Press (Barbell)",W,28.5,8.0,0,0.0,,,
2023-04-03 19:09:24,"Abend-Workout",1h 4min,"Bench Press (Barbell)",1,56.5,9.0,0,0.0,,,
2023-04-03 19:09:24,"Abend-Workout",1h 4min,"Bench Press (Barbell)",Ruhezeit,0.0,0.0,0,90.0,,,
2023-04-03 19:09:24,"Abend-Workout",1h 4min,"Bench Press (Barbell)",2,65.5,9.0,0,0.0,,,
2023-04-03 19:09:24,"Abend-Workout",1h 4min,"Bench Press (Barbell)",Ruhezeit,0.0,0.0,0,120.0,,,
2023-04-03 19:09:24,"Abend-Workout",1h 4min,"Bench Press (Barbell)",3,66.5,9.0,0,0.0,,,
2023-04-03 19:09:24,"Abend-Workout",1h 4min,"Bench Press (Barbell)",Ruhezeit,0.0,0.0,0,60.0,,,
2023-04-03 19:09:24,"Abend-Workout",1h 4min,"Bench Press (Barbell)",4,57.0,9.0,0,0.0,,,
2023-04-03 19:09:24,"Abend-Workout",1h 4min,"Incline Bench Press (Dumbbell)",1,23.5,10.0,0,0.0,,,
2023-04-03 19:09:24,"Abend-Workout",1h 4min,"Incline Bench Press (Dumbbell)",Ruhezeit,0.0,0.0,0,120.0,,,
2023-04-03 19:09:24,"Abend-Workout",1h 4min,"Incline Bench Press (Dumbbell)",2,20.0,11.0,0,0.0,,,
2023-04-03 19:09:24,"Abend-Workout",1h 4min,"Incline Bench Press (Dumbbell)",Ruhezeit,0.0,0.0,0,120.0,,,
2023-04-03 19:09:24,"Abend-Workout",1h 4min,"Incline Bench Press (Dumbbell)",3,23.5,9.0,0,0.0,,,
2023-04-03 19:09:24,"Abend-Workout",1h 4min,"Incline Bench Press (Dumbbell)",Ruhezeit,0.0,0.0,0,150.0,,,
2023-04-03 19:09:24,"Abend-Workout",1h 4min,"Incline Bench Press (Dumbbell)",4,21.0,10.0,0,0.0,,,
2023-04-03 19:09:24,"Abend-Workout",1h 4min,"Overhead Press (Barbell)",1,32.5,9.0,0,0.0,,,
2023-04-03 19:09:24,"Abend-Workout",1h 4min,"Overhead Press (Barbell)",Ruhezeit,0.0,0.0,0,150.0,,,
2023-04-03 19:09:24,"Abend-Workout",1h 4min,"Overhead Press (Barbell)",2,32.0,8.0,0,0.0,,,
2023-04-03 19:09:24,"Abend-Workout",1h 4min,"Overhead Press (Barbell)",Ruhezeit,0.0,0.0,0,60.0,,,
2023-04-03 19:09:24,"Abend-Workout",1h 4min,"Overhead Press (Barbell)",3,31.5,8.0,0,0.0,,,
2023-04-03 19:09:24,"Abend-Workout",1h 4min,"Overhead Press (Barbell)",Ruhezeit,0.0,0.0,0,60.0,,,
2023-04-03 19:09:24,"Abend-Workout",1h 4min,"Overhead Press (Barbell)",4,37.0,9.0,0,0.0,,,
2023-04-03 19:09:24,"Abend-Workout",1h 4min,"Lateral Raise (Dumbbell)",1,8.5,13.0,0,0.0,,,
2023-04-03 19:09:24,"Abend-Workout",1h 4min,"Lateral Raise (Dumbbell)",Ruhezeit,0.0,0.0,0,150.0,,,
2023-04-03 19:09:24,"Abend-Workout",1h 4min,"Lateral Raise (Dumbbell)",2,9.0,11.0,0,0.0,,,
2023-04-03 19:09:24,"Abend-Workout",1h 4min,"Lateral Raise (Dumbbell)",Ruhezeit,0.0,0.0,0,120.0,,,
2023-04-03 19:09:24,"Abend-Workout",1h 4min,"Lateral Raise (Dumbbell)",3,9.5,11.0,0,0.0,,,
2023-04-03 19:09:24,"Abend-Workout",1h 4min,"Lateral Raise (Dumbbell)",D,5.5,16.0,0,0.0,,,
2023-04-03 19:09:24,"Abend-Workout",1h 4min,"Triceps Pushdown (Cable - Straight Bar)",1,23.0,12.0,0,0.0,,,
2023-04-03 19:09:24,"Abend-Workout",1h 4min,"Triceps Pushdown (Cable - Straight Bar)",Ruhezeit,0.0,0.0,0,120.0,,,
2023-04-03 19:09:24,"Abend-Workout",1h 4min,"Triceps Pushdown (Cable - Straight Bar)",2,22.0,13.0,0,0.0,,,
2023-04-03 19:09:24,"Abend-Workout",1h 4min,"Triceps Pushdown (Cable - Straight Bar)",Ruhezeit,0.0,0.0,0,120.0,,,
2023-04-03 19:09:24,"Abend-Workout",1h 4min,"Triceps Pushdown (Cable - Straight Bar)",3,27.0,13.0,0,0.0,,,
2023-04-03 19:09:24,"Abend-Workout",1h 4min,"Triceps Pushdown (Cable - Straight Bar)",Ruhezeit,0.0,0.0,0,150.0,,,
2023-04-03 19:09:24,"Abend-Workout",1h 4min,"Triceps Pushdown (Cable - Straight Bar)",4,26.5,12.0,0,0.0,,,
2023-04-03 19:09:24,"Abend-Workout",1h 4min,"Push Up",1,0.0,14.0,0,0.0,,,
2023-04-03 19:09:24,"Abend-Workout",1h 4min,"Push Up",Ruhezeit,0.0,0.0,0,60.0,,,
2023-04-03 19:09:24,"Abend-Workout",1h 4min,"Push Up",2,0.0,16.0,0,0.0,,,
2023-04-03 19:09:24,"Abend-Workout",1h 4min,"Push Up",Ruhezeit,0.0,0.0,0,120.0,,,
2023-04-03 19:09:24,"Abend-Workout",1h 4min,"Push Up",3,0.0,15.0,0,0.0,,,
2023-04-03 19:09:24,"Abend-Workout",1h 4min,"Push Up",Ruhezeit,0.0,0.0,0,150.0,,,
2023-04-03 19:09:24,"Abend-Workout",1h 4min,"Push Up",4,0.0,16.0,0,0.0,,,
2023-04-05 19:31:42,"Abend-Workout",1h 7min,"Pull Up",W,-1.5,8.0,0,0.0,,,
2023-04-05 19:31:42,"Abend-Workout",1h 7min,"Pull Up",W,2.0,8.0,0,0.0,,,
2023-04-05 19:31:42,"Abend-Workout",1h 7min,"Pull Up",1,12.0,8.0,0,0.0,,,
2023-04-05 19:31:42,"Abend-Workout",1h 7min,"Pull Up",Ruhezeit,0.0,0.0,0,60.0,,,
2023-04-05 19:31:42,"Abend-Workout",1h 7min,"Pull Up",2,12.0,9.0,0,0.0,,,
2023-04-05 19:31:42,"Abend-Workout",1h 7min,"Pull Up",Ruhezeit,0.0,0.0,0,90.0,,,
2023-04-05 19:31:42,"Abend-Workout",1h 7min,"Pull Up",3,12.0,8.0,0,0.0,,,
2023-04-05 19:31:42,"Abend-Workout",1h 7min,"Pull Up",Ruhezeit,0.0,0.0,0,60.0,,,
2023-04-05 19:31:42,"Abend-Workout",1h 7min,"Pull Up",4,12.0,9.0,0,0.0,,,
2023-04-05 19:31:42,"Abend-Workout",1h 7min,"Seated Row (Cable)",1,40.5,11.0,0,0.0,,,
2023-04-05 19:31:42,"Abend-Workout",1h 7min,"Seated Row (Cable)",Ruhezeit,0.0,0.0,0,120.0,,,
2023-04-05 19:31:42,"Abend-Workout",1h 7min,"Seated Row (Cable)",2,42.0,9.0,0,0.0,,,
2023-04-05 19:31:42,"Abend-Workout",1h 7min,"Seated Row (Cable)",Ruhezeit,0.0,0.0,0,90.0,,,
2023-04-05 19:31:42,"Abend-Workout",1h 7min,"Seated Row (Cable)",3,44.5,9.0,0,0.0,,,
2023-04-05 19:31:42,"Abend-Workout",1h 7min,"Seated Row (Cable)",Ruhezeit,0.0,0.0,0,90.0,,,
2023-04-05 19:31:42,"Abend-Workout",1h 7min,"Seated Row (Cable)",4,39.5,9.0,0,0.0,,,
2023-04-05 19:31:42,"Abend-Workout",1h 7min,"Bicep Curl (Barbell)",1,23.5,9.0,0,0.0,,,
2023-04-05 19:31:42,"Abend-Workout",1h 7min,"Bicep Curl (Barbell)",Ruhezeit,0.0,0.0,0,60.0,,,
2023-04-05 19:31:42,"Abend-Workout",1h 7min,"Bicep Curl (Barbell)",2,27.0,9.0,0,0.0,,,
2023-04-05 19:31:42,"Abend-Workout",1h 7min,"Bicep Curl (Barbell)",Ruhezeit,0.0,0.0,0,150.0,,,
2023-04-05 19:31:42,"Abend-Workout",1h 7min,"Bicep Curl (Barbell)",3,27.0,10.0,0,0.0,,,
2023-04-05 19:31:42,"Abend-Workout",1h 7min,"Bicep Curl Bench (Dumbell)",1,10.0,12.0,0,0.0,,,
2023-04-05 19:31:42,"Abend-Workout",1h 7min,"Bicep Curl Bench (Dumbell)",Ruhezeit,0.0,0.0,0,60.0,,,
2023-04-05 19:31:42,"Abend-Workout",1h 7min,"Bicep Curl Bench (Dumbell)",2,10.0,12.0,0,0.0,,,
2023-04-05 19:31:42,"Abend-Workout",1h 7min,"Bicep Curl Bench (Dumbell)",Ruhezeit,0.0,0.0,0,150.0,,,
2023-04-05 19:31:42,"Abend-Workout",1h 7min,"Bicep Curl Bench (Dumbell)",3,9.5,12.0,0,0.0,,,
2023-04-05 19:31:42,"Abend-Workout",1h 7min,"Bicep Curl Bench (Dumbell)",Ruhezeit,0.0,0.0,0,60.0,,,
2023-04-05 19:31:42,"Abend-Workout",1h 7min,"Bicep Curl Bench (Dumbell)",4,10.0,11.0,0,0.0,,,
2023-04-05 19:31:42,"Abend-Workout",1h 7min,"Face Pull (Cable)",1,21.0,16.0,0,0.0,,,
2023-04-05 19:31:42,"Abend-Workout",1h 7min,"Face Pull (Cable)",Ruhezeit,0.0,0.0,0,120.0,,,
2023-04-05 19:31:42,"Abend-Workout",1h 7min,"Face Pull (Cable)",2,20.0,14.0,0,0.0,,,
2023-04-05 19:31:42,"Abend-Workout",1h 7min,"Face Pull (Cable)",Ruhezeit,0.0,0.0,0,120.0,,,
2023-04-05 19:31:42,"Abend-Workout",1h 7min,"Face Pull (Cable)",3,21.0,16.0,0,0.0,,,
2023-04-05 19:31:42,"Abend-Workout",1h 7min,"Face Pull (Cable)",Ruhezeit,0.0,0.0,0,120.0,,,
2023-04-05 19:31:42,"Abend-Workout",1h 7min,"Face Pull (Cable)",4,17.5,14.0,0,0.0,,,
2023-04-07 18:19:33,"Abend-Workout",1h 6min,"Squat (Barbell)",W,35.5,8.0,0,0.0,,,
2023-04-07 18:19:33,"Abend-Workout",1h 6min,"Squat (Barbell)",W,37.0,8.0,0,0.0,,,
2023-04-07 18:19:33,"Abend-Workout",1h 6min,"Squat (Barbell)",1,0.0,8.0,0,0.0,,,
2023-04-07 18:19:33,"Abend-Workout",1h 6min,"Squat (Barbell)",Ruhezeit,0.0,0.0,0,90.0,,,
2023-04-07 18:19:33,"Abend-Workout",1h 6min,"Squat (Barbell)",2,70.0,9.0,0,0.0,,,
2023-04-07 18:19:33,"Abend-Workout",1h 6min,"Squat (Barbell)",Ruhezeit,0.0,0.0,0,150.0,,,
2023-04-07 18:19:33,"Abend-Workout",1h 6min,"Squat (Barbell)",3,77.0,7.0,0,0.0,,,
2023-04-07 18:19:33,"Abend-Workout",1h 6min,"Leg Press",1,117.5,11.0,0,0.0,,,
2023-04-07 18:19:33,"Abend-Workout",1h 6min,"Leg Press",Ruhezeit,0.0,0.0,0,90.0,,,
2023-04-07 18:19:33,"Abend-Workout",1h 6min,"Leg Press",2,104.0,10.0,0,0.0,,,
2023-04-07 18:19:33,"Abend-Workout",1h 6min,"Leg Press",Ruhezeit,0.0,0.0,0,90.0,,,
2023-04-07 18:19:33,"Abend-Workout",1h 6min,"Leg Press",3,110.5,10.0,0,0.0,,,
2023-04-07 18:19:33,"Abend-Workout",1h 6min,"Leg Extension (Machine)",1,42.0,12.0,0,0.0,,,
2023-04-07 18:19:33,"Abend-Workout",1h 6min,"Leg Extension (Machine)",Ruhezeit,0.0,0.0,0,60.0,,,
2023-04-07 18:19:33,"Abend-Workout",1h 6min,"Leg Extension (Machine)",2,42.0,12.0,0,0.0,,,
2023-04-07 18:19:33,"Abend-Workout",1h 6min,"Leg Extension (Machine)",Ruhezeit,0.0,0.0,0,90.0,,,
2023-04-07 18:19:33,"Abend-Workout",1h 6min,"Leg Extension (Machine)",3,40.5,13.0,0,0.0,,,
2023-04-07 18:19:33,"Abend-Workout",1h 6min,"Leg Extension (Machine)",Ruhezeit,0.0,0.0,0,60.0,,,
2023-04-07 18:19:33,"Abend-Workout",1h 6min,"Leg Extension (Machine)",4,42.0,13.0,0,0.0,,,
2023-04-07 18:19:33,"Abend-Workout",1h 6min,"Standing Calf Raise (Bodyweight)",1,0.0,21.0,0,0.0,,,
2023-04-07 18:19:33,"Abend-Workout",1h 6min,"Standing Calf Raise (Bodyweight)",Ruhezeit,0.0,0.0,0,150.0,,,
2023-04-07 18:19:33,"Abend-Workout",1h 6min,"Standing Calf Raise (Bodyweight)",2,0.0,21.0,0,0.0,,,
2023-04-07 18:19:33,"Abend-Workout",1h 6min,"Standing Calf Raise (Bodyweight)",Ruhezeit,0.0,0.0,0,150.0,,,
2023-04-07 18:19:33,"Abend-Workout",1h 6min,"Standing Calf Raise (Bodyweight)",3,0.0,21.0,0,0.0,,,
2023-04-07 18:19:33,"Abend-Workout",1h 6min,"Single Leg Extension ",1,19.0,11.0,0,0.0,,,
2023-04-07 18:19:33,"Abend-Workout",1h 6min,"Single Leg Extension ",Ruhezeit,0.0,0.0,0,60.0,,,
2023-04-07 18:19:33,"Abend-Workout",1h 6min,"Single Leg Extension ",2,19.5,13.0,0,0.0,,,
2023-04-07 18:19:33,"Abend-Workout",1h 6min,"Single Leg Extension ",Ruhezeit,0.0,0.0,0,60.0,,,
2023-04-07 18:19:33,"Abend-Workout",1h 6min,"Single Leg Extension ",3,19.5,13.0,0,0.0,,,
2023-04-07 18:19:33,"Abend-Workout",1h 6min,"Plank",1,0.0,0.0,0,35.0,,,
2023-04-07 18:19:33,"Abend-Workout",1h 6min,"Plank",Ruhezeit,0.0,0.0,0,150.0,,,
2023-04-07 18:19:33,"Abend-Workout",1h 6min,"Plank",2,0.0,0.0,0,40.0,,,
2023-04-07 18:19:33,"Abend-Workout",1h 6min,"Plank",Ruhezeit,0.0,0.0,0,60.0,,,
2023-04-07 18:19:33,"Abend-Workout",1h 6min,"Plank",3,0.0,0.0,0,45.0,,,
2023-04-07 18:19:33,"Abend-Workout",1h 6min,"Push Up (Knees)",1,0.0,11.0,0,0.0,,,
2023-04-07 18:19:33,"Abend-Workout",1h 6min,"Push Up (Knees)",Ruhezeit,0.0,0.0,0,120.0,,,
2023-04-07 18:19:33,"Abend-Workout",1h 6min,"Push Up (Knees)",2,0.0,13.0,0,0.0,,,
2023-04-07 18:19:33,"Abend-Workout",1h 6min,"Running",1,0.0,0.0,1.75,450.0,,,
2023-04-10 19:56:02,"Abend-Workout",1h 22min,"Bench Press (Barbell)",W,31.5,8.0,0,0.0,,,
2023-04-10 19:56:02,"Abend-Workout",1h 22min,"Bench Press (Barbell)",W,31.5,8.0,0,0.0,,,
2023-04-10 19:56:02,"Abend-Workout",1h 22min,"Bench Press (Barbell)",1,56.0,7.0,0,0.0,,,
2023-04-10 19:56:02,"Abend-Workout",1h 22min,"Bench Press (Barbell)",Ruhezeit,0.0,0.0,0,120.0,,,
2023-04-10 19:56:02,"Abend-Workout",1h 22min,"Bench Press (Barbell)",2,66.5,9.0,0,0.0,,,
2023-04-10 19:56:02,"Abend-Workout",1h 22min,"Bench Press (Barbell)",Ruhezeit,0.0,0.0,0,150.0,,,
2023-04-10 19:56:02,"Abend-Workout",1h 22min,"Bench Press (Barbell)",3,62.0,7.0,0,0.0,,,
2023-04-10 19:56:02,"Abend-Workout",1h 22min,"Incline Bench Press (Dumbbell)",1,21.5,9.0,0,0.0,,,
2023-04-10 19:56:02,"Abend-Workout",1h 22min,"Incline Bench Press (Dumbbell)",Ruhezeit,0.0,0.0,0,150.0,,,
2023-04-10 19:56:02,"Abend-Workout",1h 22min,"Incline Bench Press (Dumbbell)",2,24.0,9.0,0,0.0,,,
2023-04-10 19:56:02,"Abend-Workout",1h 22min,"Incline Bench Press (Dumbbell)",Ruhezeit,0.0,0.0,0,150.0,,,
2023-04-10 19:56:02,"Abend-Workout",1h 22min,"Incline Bench Press (Dumbbell)",3,21.0,10.0,0,0.0,,,
2023-04-10 19:56:02,"Abend-Workout",1h 22min,"Overhead Press (Barbell)",1,36.0,7.0,0,0.0,,,
2023-04-10 19:56:02,"Abend-Workout",1h 22min,"Overhead Press (Barbell)",Ruhezeit,0.0,0.0,0,60.0,,,
2023-04-10 19:56:02,"Abend-Workout",1h 22min,"Overhead Press (Barbell)",2,38.0,9.0,0,0.0,,,
2023-04-10 19:56:02,"Abend-Workout",1h 22min,"Overhead Press (Barbell)",Ruhezeit,0.0,0.0,0,150.0,,,
2023-04-10 19:56:02,"Abend-Workout",1h 22min,"Overhead Press (Barbell)",3,31.5,7.0,0,0.0,,,
2023-04-10 19:56:02,"Abend-Workout",1h 22min,"Lateral Raise (Dumbbell)",1,9.0,13.0,0,0.0,,,
2023-04-10 19:56:02,"Abend-Workout",1h 22min,"Lateral Raise (Dumbbell)",Ruhezeit,0.0,0.0,0,150.0,,,
2023-04-10 19:56:02,"Abend-Workout",1h 22min,"Lateral Raise (Dumbbell)",2,8.0,13.0,0,0.0,,,
2023-04-10 19:56:02,"Abend-Workout",1h 22min,"Lateral Raise (Dumbbell)",Ruhezeit,0.0,0.0,0,60.0,,,
2023-04-10 19:56:02,"Abend-Workout",1h 22min,"Lateral Raise (Dumbbell)",3,9.0,12.0,0,0.0,,,
2023-04-10 19:56:02,"Abend-Workout",1h 22min,"Triceps Pushdown (Cable - Straight Bar)",1,24.5,11.0,0,0.0,,,
2023-04-10 19:56:02,"Abend-Workout",1h 22min,"Triceps Pushdown (Cable - Straight Bar)",Ruhezeit,0.0,0.0,0,60.0,,,
2023-04-10 19:56:02,"Abend-Workout",1h 22min,"Triceps Pushdown (Cable - Straight Bar)",2,25.5,11.0,0,0.0,,,
2023-04-10 19:56:02,"Abend-Workout",1h 22min,"Triceps Pushdown (Cable - Straight Bar)",Ruhezeit,0.0,0.0,0,90.0,,,
2023-04-10 19:56:02,"Abend-Workout",1h 22min,"Triceps Pushdown (Cable - Straight Bar)",3,23.0,11.0,0,0.0,,,
2023-04-10 19:56:02,"Abend-Workout",1h 22min,"Push Up",1,0.0,16.0,0,0.0,,,
2023-04-10 19:56:02,"Abend-Workout",1h 22min,"Push Up",Ruhezeit,0.0,0.0,0,90.0,,,
2023-04-10 19:56:02,"Abend-Workout",1h 22min,"Push Up",2,0.0,14.0,0,0.0,,,
2023-04-10 19:56:02,"Abend-Workout",1h 22min,"Push Up",Ruhezeit,0.0,0.0,0,90.0,,,
2023-04-10 19:56:02,"Abend-Workout",1h 22min,"Push Up",3,0.0,16.0,0,0.0,,,
2023-04-10 19:56:02,"Abend-Workout",1h 22min,"Push Up",Ruhezeit,0.0,0.0,0,120.0,,,
2023-04-10 19:56:02,"Abend-Workout",1h 22min,"Push Up",4,0.0,14.0,0,0.0,,,
2023-04-12 17:37:01,"Abend-Workout",53min,"Pull Up",W,1.5,8.0,0,0.0,,,
2023-04-12 17:37:01,"Abend-Workout",53min,"Pull Up",W,-1.5,8.0,0,0.0,,,
2023-04-12 17:37:01,"Abend-Workout",53min,"Pull Up",1,0.0,9.0,0,0.0,,,
2023-04-12 17:37:01,"Abend-Workout",53min,"Pull Up",Ruhezeit,0.0,0.0,0,60.0,,,
2023-04-12 17:37:01,"Abend-Workout",53min,"Pull Up",2,0.0,7.0,0,0.0,,,
2023-04-12 17:37:01,"Abend-Workout",53min,"Pull Up",Ruhezeit,0.0,0.0,0,90.0,,,
2023-04-12 17:37:01,"Abend-Workout",53min,"Pull Up",3,0.0,8.0,0,0.0,,,
2023-04-12 17:37:01,"Abend-Workout",53min,"Seated Row (Cable)",1,43.5,11.0,0,0.0,,,
2023-04-12 17:37:01,"Abend-Workout",53min,"Seated Row (Cable)",Ruhezeit,0.0,0.0,0,120.0,,,
2023-04-12 17:37:01,"Abend-Workout",53min,"Seated Row (Cable)",2,48.0,9.0,0,0.0,,,
2023-04-12 17:37:01,"Abend-Workout",53min,"Seated Row (Cable)",Ruhezeit,0.0,0.0,0,120.0,,,
2023-04-12 17:37:01,"Abend-Workout",53min,"Seated Row (Cable)",3,48.0,10.0,0,0.0,,,
2023-04-12 17:37:01,"Abend-Workout",53min,"Bicep Curl (Barbell)",1,26.5,9.0,0,0.0,,,
2023-04-12 17:37:01,"Abend-Workout",53min,"Bicep Curl (Barbell)",Ruhezeit,0.0,0.0,0,150.0,,,
2023-04-12 17:37:01,"Abend-Workout",53min,"Bicep Curl (Barbell)",2,23.0,11.0,0,0.0,,,
2023-04-12 17:37:01,"Abend-Workout",53min,"Bicep Curl (Barbell)",Ruhezeit,0.0,0.0,0,60.0,,,
2023-04-12 17:37:01,"Abend-Workout",53min,"Bicep Curl (Barbell)",3,27.5,9.0,0,0.0,,,
2023-04-12 17:37:01,"Abend-Workout",53min,"Bicep Curl Bench (Dumbell)",1,11.0,11.0,0,0.0,,,
2023-04-12 17:37:01,"Abend-Workout",53min,"Bicep Curl Bench (Dumbell)",Ruhezeit,0.0,0.0,0,90.0,,,
2023-04-12 17:37:01,"Abend-Workout",53min,"Bicep Curl Bench (Dumbell)",2,9.0,11.0,0,0.0,,,
2023-04-12 17:37:01,"Abend-Workout",53min,"Bicep Curl Bench (Dumbell)",Ruhezeit,0.0,0.0,0,120.0,,,
2023-04-12 17:37:01,"Abend-Workout",53min,"Bicep Curl Bench (Dumbell)",3,10.0,11.0,0,0.0,,,
2023-04-12 17:37:01,"Abend-Workout",53min,"Bicep Curl Bench (Dumbell)",Ruhezeit,0.0,0.0,0,60.0,,,
2023-04-12 17:37:01,"Abend-Workout",53min,"Bicep Curl Bench (Dumbell)",4,10.0,12.0,0,0.0,,,
2023-04-12 17:37:01,"Abend-Workout",53min,"Face Pull (Cable)",1,22.5,16.0,0,0.0,,,
2023-04-12 17:37:01,"Abend-Workout",53min,"Face Pull (Cable)",Ruhezeit,0.0,0.0,0,120.0,,,
2023-04-12 17:37:01,"Abend-Workout",53min,"Face Pull (Cable)",2,19.0,16.0,0,0.0,,,
2023-04-12 17:37:01,"Abend-Workout",53min,"Face Pull (Cable)",Ruhezeit,0.0,0.0,0,150.0,,,
2023-04-12 17:37:01,"Abend-Workout",53min,"Face Pull (Cable)",3,20.0,15.0,0,0.0,,,
2023-04-12 17:37:01,"Abend-Workout",53min,"Face Pull (Cable)",Ruhezeit,0.0,0.0,0,120.0,,,
2023-04-12 17:37:01,"Abend-Workout",53min,"Face Pull (Cable)",4,17.5,14.0,0,0.0,,,
2023-04-14 17:08:59,"Abend-Workout",1h 4min,"Squat (Barbell)",W,35.5,8.0,0,0.0,,,
2023-04-14 17:08:59,"Abend-Workout",1h 4min,"Squat (Barbell)",W,36.5,8.0,0,0.0,,,
2023-04-14 17:08:59,"Abend-Workout",1h 4min,"Squat (Barbell)",1,73.5,8.0,0,0.0,,,
2023-04-14 17:08:59,"Abend-Workout",1h 4min,"Squat (Barbell)",Ruhezeit,0.0,0.0,0,150.0,,,
2023-04-14 17:08:59,"Abend-Workout",1h 4min,"Squat (Barbell)",2,73.0,7.0,0,0.0,,,
2023-04-14 17:08:59,"Abend-Workout",1h 4min,"Squat (Barbell)",Ruhezeit,0.0,0.0,0,60.0,,,
2023-04-14 17:08:59,"Abend-Workout",1h 4min,"Squat (Barbell)",3,75.0,8.0,0,0.0,,,
2023-04-14 17:08:59,"Abend-Workout",1h 4min,"Squat (Barbell)",Ruhezeit,0.0,0.0,0,150.0,,,
2023-04-14 17:08:59,"Abend-Workout",1h 4min,"Squat (Barbell)",4,73.5,8.0,0,0.0,,,
2023-04-14 17:08:59,"Abend-Workout",1h 4min,"Leg Press",1,100.0,9.0,0,0.0,,,
2023-04-14 17:08:59,"Abend-Workout",1h 4min,"Leg Press",Ruhezeit,0.0,0.0,0,90.0,,,
2023-04-14 17:08:59,"Abend-Workout",1h 4min,"Leg Press",2,115.0,10.0,0,0.0,,,
2023-04-14 17:08:59,"Abend-Workout",1h 4min,"Leg Press",Ruhezeit,0.0,0.0,0,60.0,,,
2023-04-14 17:08:59,"Abend-Workout",1h 4min,"Leg Press",3,123.0,9.0,0,0.0,,,
2023-04-14 17:08:59,"Abend-Workout",1h 4min,"Leg Extension (Machine)",1,38.0,11.0,0,0.0,,,
2023-04-14 17:08:59,"Abend-Workout",1h 4min,"Leg Extension (Machine)",Ruhezeit,0.0,0.0,0,90.0,,,
2023-04-14 17:08:59,"Abend-Workout",1h 4min,"Leg Extension (Machine)",2,39.5,13.0,0,0.0,,,
2023-04-14 17:08:59,"Abend-Workout",1h 4min,"Leg Extension (Machine)",Ruhezeit,0.0,0.0,0,90.0,,,
2023-04-14 17:08:59,"Abend-Workout",1h 4min,"Leg Extension (Machine)",3,37.0,13.0,0,0.0,,,
2023-04-14 17:08:59,"Abend-Workout",1h 4min,"Standing Calf Raise (Bodyweight)",1,0.0,20.0,0,0.0,,,
2023-04-14 17:08:59,"Abend-Workout",1h 4min,"Standing Calf Raise (Bodyweight)",Ruhezeit,0.0,0.0,0,150.0,,,
2023-04-14 17:08:59,"Abend-Workout",1h 4min,"Standing Calf Raise (Bodyweight)",2,0.0,19.0,0,0.0,,,
2023-04-14 17:08:59,"Abend-Workout",1h 4min,"Standing Calf Raise (Bodyweight)",Ruhezeit,0.0,0.0,0,120.0,,,
2023-04-14 17:08:59,"Abend-Workout",1h 4min,"Standing Calf Raise (Bodyweight)",3,0.0,21.0,0,0.0,,,
2023-04-14 17:08:59,"Abend-Workout",1h 4min,"Standing Calf Raise (Bodyweight)",Ruhezeit,0.0,0.0,0,120.0,,,
2023-04-14 17:08:59,"Abend-Workout",1h 4min,"Standing Calf Raise (Bodyweight)",4,0.0,19.0,0,0.0,,,
2023-04-14 17:08:59,"Abend-Workout",1h 4min,"Single Leg Extension ",1,22.0,11.0,0,0.0,,,
2023-04-14 17:08:59,"Abend-Workout",1h 4min,"Single Leg Extension ",Ruhezeit,0.0,0.0,0,120.0,,,
2023-04-14 17:08:59,"Abend-Workout",1h 4min,"Single Leg Extension ",2,19.5,13.0,0,0.0,,,
2023-04-14 17:08:59,"Abend-Workout",1h 4min,"Single Leg Extension ",Ruhezeit,0.0,0.0,0,90.0,,,
2023-04-14 17:08:59,"Abend-Workout",1h 4min,"Single Leg Extension ",3,20.0,11.0,0,0.0,,,
2023-04-14 17:08:59,"Abend-Workout",1h 4min,"Plank",1,0.0,0.0,0,35.0,,,
2023-04-14 17:08:59,"Abend-Workout",1h 4min,"Plank",Ruhezeit,0.0,0.0,0,150.0,,,
2023-04-14 17:08:59,"Abend-Workout",1h 4min,"Plank",2,0.0,0.0,0,40.0,,,
2023-04-14 17:08:59,"Abend-Workout",1h 4min,"Plank",Ruhezeit,0.0,0.0,0,150.0,,,
2023-04-14 17:08:59,"Abend-Workout",1h 4min,"Plank",3,0.0,0.0,0,45.0,,,
2023-04-17 18:43:39,"Abend-Workout",48min,"Bench Press (Barbell)",W,31.5,8.0,0,0.0,,,
2023-04-17 18:43:39,"Abend-Workout",48min,"Bench Press (Barbell)",W,28.5,8.0,0,0.0,,,
2023-04-17 18:43:39,"Abend-Workout",48min,"Bench Press (Barbell)",1,61.5,8.0,0,0.0,,,
2023-04-17 18:43:39,"Abend-Workout",48min,"Bench Press (Barbell)",Ruhezeit,0.0,0.0,0,150.0,,,
2023-04-17 18:43:39,"Abend-Workout",48min,"Bench Press (Barbell)",2,60.5,8.0,0,0.0,,,
2023-04-17 18:43:39,"Abend-Workout",48min,"Bench Press (Barbell)",Ruhezeit,0.0,0.0,0,60.0,,,
2023-04-17 18:43:39,"Abend-Workout",48min,"Bench Press (Barbell)",3,67.0,7.0,0,0.0,,,
2023-04-17 18:43:39,"Abend-Workout",48min,"Incline Bench Press (Dumbbell)",1,22.0,9.0,0,0.0,,,
2023-04-17 18:43:39,"Abend-Workout",48min,"Incline Bench Press (Dumbbell)",Ruhezeit,0.0,0.0,0,90.0,,,
2023-04-17 18:43:39,"Abend-Workout",48min,"Incline Bench Press (Dumbbell)",2,20.5,10.0,0,0.0,,,
2023-04-17 18:43:39,"Abend-Workout",48min,"Incline Bench Press (Dumbbell)",Ruhezeit,0.0,0.0,0,90.0,,,
2023-04-17 18:43:39,"Abend-Workout",48min,"Incline Bench Press (Dumbbell)",3,19.5,10.0,0,0.0,,,
2023-04-17 18:43:39,"Abend-Workout",48min,"Incline Bench Press (Dumbbell)",Ruhezeit,0.0,0.0,0,150.0,,,
2023-04-17 18:43:39,"Abend-Workout",48min,"Incline Bench Press (Dumbbell)",4,23.0,10.0,0,0.0,,,
2023-04-17 18:43:39,"Abend-Workout",48min,"Overhead Press (Barbell)",1,35.5,8.0,0,0.0,,,
2023-04-17 18:43:39,"Abend-Workout",48min,"Overhead Press (Barbell)",Ruhezeit,0.0,0.0,0,150.0,,,
2023-04-17 18:43:39,"Abend-Workout",48min,"Overhead Press (Barbell)",2,38.0,8.0,0,0.0,,,
2023-04-17 18:43:39,"Abend-Workout",48min,"Overhead Press (Barbell)",Ruhezeit,0.0,0.0,0,150.0,,,
2023-04-17 18:43:39,"Abend-Workout",48min,"Overhead Press (Barbell)",3,31.5,9.0,0,0.0,,,
2023-04-17 18:43:39,"Abend-Workout",48min,"Overhead Press (Barbell)",Ruhezeit,0.0,0.0,0,150.0,,,
2023-04-17 18:43:39,"Abend-Workout",48min,"Overhead Press (Barbell)",4,38.5,9.0,0,0.0,,,
2023-04-17 18:43:39,"Abend-Workout",48min,"Lateral Raise (Dumbbell)",1,8.5,13.0,0,0.0,,,
2023-04-17 18:43:39,"Abend-Workout",48min,"Lateral Raise (Dumbbell)",Ruhezeit,0.0,0.0,0,120.0,,,
2023-04-17 18:43:39,"Abend-Workout",48min,"Lateral Raise (Dumbbell)",2,8.5,12.0,0,0.0,,,
2023-04-17 18:43:39,"Abend-Workout",48min,"Lateral Raise (Dumbbell)",Ruhezeit,0.0,0.0,0,120.0,,,
2023-04-17 18:43:39,"Abend-Workout",48min,"Lateral Raise (Dumbbell)",3,9.0,13.0,0,0.0,,,
2023-04-17 18:43:39,"Abend-Workout",48min,"Lateral Raise (Dumbbell)",Ruhezeit,0.0,0.0,0,120.0,,,
2023-04-17 18:43:39,"Abend-Workout",48min,"Lateral Raise (Dumbbell)",4,9.0,13.0,0,0.0,,,
2023-04-17 18:43:39,"Abend-Workout",48min,"Triceps Pushdown (Cable - Straight Bar)",1,26.5,12.0,0,0.0,,,
2023-04-17 18:43:39,"Abend-Workout",48min,"Triceps Pushdown (Cable - Straight Bar)",Ruhezeit,0.0,0.0,0,60.0,,,
2023-04-17 18:43:39,"Abend-Workout",48min,"Triceps Pushdown (Cable - Straight Bar)",2,25.0,12.0,0,0.0,,,
2023-04-17 18:43:39,"Abend-Workout",48min,"Triceps Pushdown (Cable - Straight Bar)",Ruhezeit,0.0,0.0,0,150.0,,,
2023-04-17 18:43:39,"Abend-Workout",48min,"Triceps Pushdown (Cable - Straight Bar)",3,24.5,11.0,0,0.0,,,
2023-04-17 18:43:39,"Abend-Workout",48min,"Push Up",1,0.0,16.0,0,0.0,,,
2023-04-17 18:43:39,"Abend-Workout",48min,"Push Up",Ruhezeit,0.0,0.0,0,150.0,,,
2023-04-17 18:43:39,"Abend-Workout",48min,"Push Up",2,0.0,16.0,0,0.0,,,
2023-04-17 18:43:39,"Abend-Workout",48min,"Push Up",Ruhezeit,0.0,0.0,0,120.0,,,
2023-04-17 18:43:39,"Abend-Workout",48min,"Push Up",3,0.0,16.0,0,0.0,,,
2023-04-17 18:43:39,"Abend-Workout",48min,"Push Up",Ruhezeit,0.0,0.0,0,120.0,,,
2023-04-17 18:43:39,"Abend-Workout",48min,"Push Up",4,0.0,14.0,0,0.0,,,
2023-04-17 18:43:39,"Abend-Workout",48min,"Push Up (Knees)",1,0.0,13.0,0,0.0,,,
2023-04-17 18:43:39,"Abend-Workout",48min,"Push Up (Knees)",Ruhezeit,0.0,0.0,0,120.0,,,
2023-04-17 18:43:39,"Abend-Workout",48min,"Push Up (Knees)",2,0.0,13.0,0,0.0,,,
2023-04-19 17:09:51,"Abend-Workout",1h 11min,"Pull Up",W,-1.0,8.0,0,0.0,,,
2023-04-19 17:09:51,"Abend-Workout",1h 11min,"Pull Up",W,1.5,8.0,0,0.0,,,
2023-04-19 17:09:51,"Abend-Workout",1h 11min,"Pull Up",1,14.0,9.0,0,0.0,,,
2023-04-19 17:09:51,"Abend-Workout",1h 11min,"Pull Up",Ruhezeit,0.0,0.0,0,60.0,,,
2023-04-19 17:09:51,"Abend-Workout",1h 11min,"Pull Up",2,14.0,8.0,0,0.0,,,
2023-04-19 17:09:51,"Abend-Workout",1h 11min,"Pull Up",Ruhezeit,0.0,0.0,0,120.0,,,
2023-04-19 17:09:51,"Abend-Workout",1h 11min,"Pull Up",3,14.0,8.0,0,0.0,,,
2023-04-19 17:09:51,"Abend-Workout",1h 11min,"Seated Row (Cable)",1,42.5,10.0,0,0.0,,,
2023-04-19 17:09:51,"Abend-Workout",1h 11min,"Seated Row (Cable)",Ruhezeit,0.0,0.0,0,90.0,,,
2023-04-19 17:09:51,"Abend-Workout",1h 11min,"Seated Row (Cable)",2,45.0,10.0,0,0.0,,,
2023-04-19 17:09:51,"Abend-Workout",1h 11min,"Seated Row (Cable)",Ruhezeit,0.0,0.0,0,120.0,,,
2023-04-19 17:09:51,"Abend-Workout",1h 11min,"Seated Row (Cable)",3,44.5,10.0,0,0.0,,,
2023-04-19 17:09:51,"Abend-Workout",1h 11min,"Seated Row (Cable)",Ruhezeit,0.0,0.0,0,60.0,,,
2023-04-19 17:09:51,"Abend-Workout",1h 11min,"Seated Row (Cable)",4,48.0,11.0,0,0.0,,,
2023-04-19 17:09:51,"Abend-Workout",1h 11min,"Bicep Curl (Barbell)",1,26.0,9.0,0,0.0,,,
2023-04-19 17:09:51,"Abend-Workout",1h 11min,"Bicep Curl (Barbell)",Ruhezeit,0.0,0.0,0,60.0,,,
2023-04-19 17:09:51,"Abend-Workout",1h 11min,"Bicep Curl (Barbell)",2,23.5,10.0,0,0.0,,,
2023-04-19 17:09:51,"Abend-Workout",1h 11min,"Bicep Curl (Barbell)",Ruhezeit,0.0,0.0,0,120.0,,,
2023-04-19 17:09:51,"Abend-Workout",1h 11min,"Bicep Curl (Barbell)",3,24.0,9.0,0,0.0,,,
2023-04-19 17:09:51,"Abend-Workout",1h 11min,"Bicep Curl Bench (Dumbell)",1,10.0,13.0,0,0.0,,,
2023-04-19 17:09:51,"Abend-Workout",1h 11min,"Bicep Curl Bench (Dumbell)",Ruhezeit,0.0,0.0,0,120.0,,,
2023-04-19 17:09:51,"Abend-Workout",1h 11min,"Bicep Curl Bench (Dumbell)",2,9.5,12.0,0,0.0,,,
2023-04-19 17:09:51,"Abend-Workout",1h 11min,"Bicep Curl Bench (Dumbell)",Ruhezeit,0.0,0.0,0,150.0,,,
2023-04-19 17:09:51,"Abend-Workout",1h 11min,"Bicep Curl Bench (Dumbell)",3,10.0,12.0,0,0.0,,,
2023-04-19 17:09:51,"Abend-Workout",1h 11min,"Face Pull (Cable)",1,19.5,16.0,0,0.0,,,
2023-04-19 17:09:51,"Abend-Workout",1h 11min,"Face Pull (Cable)",Ruhezeit,0.0,0.0,0,120.0,,,
2023-04-19 17:09:51,"Abend-Workout",1h 11min,"Face Pull (Cable)",2,17.5,15.0,0,0.0,,,
2023-04-19 17:09:51,"Abend-Workout",1h 11min,"Face Pull (Cable)",Ruhezeit,0.0,0.0,0,150.0,,,
2023-04-19 17:09:51,"Abend-Workout",1h 11min,"Face Pull (Cable)",3,22.0,15.0,0,0.0,,,
2023-04-21 19:23:06,"Abend-Workout",59min,"Squat (Barbell)",W,33.5,8.0,0,0.0,,,
2023-04-21 19:23:06,"Abend-Workout",59min,"Squat (Barbell)",W,34.5,8.0,0,0.0,,,
2023-04-21 19:23:06,"Abend-Workout",59min,"Squat (Barbell)",1,69.0,7.0,0,0.0,,,
2023-04-21 19:23:06,"Abend-Workout",59min,"Squat (Barbell)",Ruhezeit,0.0,0.0,0,120.0,,,
2023-04-21 19:23:06,"Abend-Workout",59min,"Squat (Barbell)",2,72.0,7.0,0,0.0,,,
2023-04-21 19:23:06,"Abend-Workout",59min,"Squat (Barbell)",Ruhezeit,0.0,0.0,0,150.0,,,
2023-04-21 19:23:06,"Abend-Workout",59min,"Squat (Barbell)",3,63.0,8.0,0,0.0,,,
2023-04-21 19:23:06,"Abend-Workout",59min,"Leg Press",1,104.5,11.0,0,0.0,,,
2023-04-21 19:23:06,"Abend-Workout",59min,"Leg Press",Ruhezeit,0.0,0.0,0,90.0,,,
2023-04-21 19:23:06,"Abend-Workout",59min,"Leg Press",2,121.5,9.0,0,0.0,,,
2023-04-21 19:23:06,"Abend-Workout",59min,"Leg Press",Ruhezeit,0.0,0.0,0,120.0,,,
2023-04-21 19:23:06,"Abend-Workout",59min,"Leg Press",3,101.0,11.0,0,0.0,,,
2023-04-21 19:23:06,"Abend-Workout",59min,"Leg Extension (Machine)",1,37.0,12.0,0,0.0,,,
2023-04-21 19:23:06,"Abend-Workout",59min,"Leg Extension (Machine)",Ruhezeit,0.0,0.0,0,120.0,,,
2023-04-21 19:23:06,"Abend-Workout",59min,"Leg Extension (Machine)",2,43.5,12.0,0,0.0,,,
2023-04-21 19:23:06,"Abend-Workout",59min,"Leg Extension (Machine)",Ruhezeit,0.0,0.0,0,60.0,,,
2023-04-21 19:23:06,"Abend-Workout",59min,"Leg Extension (Machine)",3,37.5,13.0,0,0.0,,,
2023-04-21 19:23:06,"Abend-Workout",59min,"Standing Calf Raise (Bodyweight)",1,0.0,19.0,0,0.0,,,
2023-04-21 19:23:06,"Abend-Workout",59min,"Standing Calf Raise (Bodyweight)",Ruhezeit,0.0,0.0,0,150.0,,,
2023-04-21 19:23:06,"Abend-Workout",59min,"Standing Calf Raise (Bodyweight)",2,0.0,19.0,0,0.0,,,
2023-04-21 19:23:06,"Abend-Workout",59min,"Standing Calf Raise (Bodyweight)",Ruhezeit,0.0,0.0,0,120.0,,,
2023-04-21 19:23:06,"Abend-Workout",59min,"Standing Calf Raise (Bodyweight)",3,0.0,21.0,0,0.0,,,
2023-04-21 19:23:06,"Abend-Workout",59min,"Single Leg Extension ",1,19.5,13.0,0,0.0,,,
2023-04-21 19:23:06,"Abend-Workout",59min,"Single Leg Extension ",Ruhezeit,0.0,0.0,0,60.0,,,
2023-04-21 19:23:06,"Abend-Workout",59min,"Single Leg Extension ",2,18.0,13.0,0,0.0,,,
2023-04-21 19:23:06,"Abend-Workout",59min,"Single Leg Extension ",Ruhezeit,0.0,0.0,0,60.0,,,
2023-04-21 19:23:06,"Abend-Workout",59min,"Single Leg Extension ",3,20.0,12.0,0,0.0,,,
2023-04-21 19:23:06,"Abend-Workout",59min,"Plank",1,0.0,0.0,0,35.0,,,
2023-04-21 19:23:06,"Abend-Workout",59min,"Plank",Ruhezeit,0.0,0.0,0,120.0,,,
2023-04-21 19:23:06,"Abend-Workout",59min,"Plank",2,0.0,0.0,0,40.0,,,
2023-04-21 19:23:06,"Abend-Workout",59min,"Plank",Ruhezeit,0.0,0.0,0,90.0,,,
2023-04-21 19:23:06,"Abend-Workout",59min,"Plank",3,0.0,0.0,0,45.0,,,
2023-04-21 19:23:06,"Abend-Workout",59min,"Running",1,0.0,0.0,1.75,450.0,,,
2023-04-24 17:16:37,"Abend-Workout",47min,"Bench Press (Barbell)",W,31.0,8.0,0,0.0,,,
2023-04-24 17:16:37,"Abend-Workout",47min,"Bench Press (Barbell)",W,28.5,8.0,0,0.0,,,
2023-04-24 17:16:37,"Abend-Workout",47min,"Bench Press (Barbell)",1,61.0,7.0,0,0.0,,,
2023-04-24 17:16:37,"Abend-Workout",47min,"Bench Press (Barbell)",Ruhezeit,0.0,0.0,0,120.0,,,
2023-04-24 17:16:37,"Abend-Workout",47min,"Bench Press (Barbell)",2,58.0,8.0,0,0.0,,,
2023-04-24 17:16:37,"Abend-Workout",47min,"Bench Press (Barbell)",Ruhezeit,0.0,0.0,0,60.0,,,
2023-04-24 17:16:37,"Abend-Workout",47min,"Bench Press (Barbell)",3,57.5,8.0,0,0.0,,,
2023-04-24 17:16:37,"Abend-Workout",47min,"Bench Press (Barbell)",Ruhezeit,0.0,0.0,0,120.0,,,
2023-04-24 17:16:37,"Abend-Workout",47min,"Bench Press (Barbell)",4,55.0,7.0,0,0.0,,,
2023-04-24 17:16:37,"Abend-Workout",47min,"Incline Bench Press (Dumbbell)",1,22.5,10.0,0,0.0,,,
2023-04-24 17:16:37,"Abend-Workout",47min,"Incline Bench Press (Dumbbell)",Ruhezeit,0.0,0.0,0,120.0,,,
2023-04-24 17:16:37,"Abend-Workout",47min,"Incline Bench Press (Dumbbell)",2,22.5,10.0,0,0.0,,,
2023-04-24 17:16:37,"Abend-Workout",47min,"Incline Bench Press (Dumbbell)",Ruhezeit,0.0,0.0,0,60.0,,,
2023-04-24 17:16:37,"Abend-Workout",47min,"Incline Bench Press (Dumbbell)",3,21.5,10.0,0,0.0,,,
2023-04-24 17:16:37,"Abend-Workout",47min,"Overhead Press (Barbell)",1,31.5,8.0,0,0.0,,,
2023-04-24 17:16:37,"Abend-Workout",47min,"Overhead Press (Barbell)",Ruhezeit,0.0,0.0,0,120.0,,,
2023-04-24 17:16:37,"Abend-Workout",47min,"Overhead Press (Barbell)",2,35.0,7.0,0,0.0,,,
2023-04-24 17:16:37,"Abend-Workout",47min,"Overhead Press (Barbell)",Ruhezeit,0.0,0.0,0,120.0,,,
2023-04-24 17:16:37,"Abend-Workout",47min,"Overhead Press (Barbell)",3,31.5,7.0,0,0.0,,,
2023-04-24 17:16:37,"Abend-Workout",47min,"Lateral Raise (Dumbbell)",1,10.0,12.0,0,0.0,,,
2023-04-24 17:16:37,"Abend-Workout",47min,"Lateral Raise (Dumbbell)",Ruhezeit,0.0,0.0,0,60.0,,,
2023-04-24 17:16:37,"Abend-Workout",47min,"Lateral Raise (Dumbbell)",2,10.0,11.0,0,0.0,,,
2023-04-24 17:16:37,"Abend-Workout",47min,"Lateral Raise (Dumbbell)",Ruhezeit,0.0,0.0,0,60.0,,,
2023-04-24 17:16:37,"Abend-Workout",47min,"Lateral Raise (Dumbbell)",3,9.0,13.0,0,0.0,,,
2023-04-24 17:16:37,"Abend-Workout",47min,"Triceps Pushdown (Cable - Straight Bar)",1,22.5,13.0,0,0.0,,,
2023-04-24 17:16:37,"Abend-Workout",47min,"Triceps Pushdown (Cable - Straight Bar)",Ruhezeit,0.0,0.0,0,120.0,,,
2023-04-24 17:16:37,"Abend-Workout",47min,"Triceps Pushdown (Cable - Straight Bar)",2,27.5,13.0,0,0.0,,,
2023-04-24 17:16:37,"Abend-Workout",47min,"Triceps Pushdown (Cable - Straight Bar)",Ruhezeit,0.0,0.0,0,120.0,,,
2023-04-24 17:16:37,"Abend-Workout",47min,"Triceps Pushdown (Cable - Straight Bar)",3,24.5,11.0,0,0.0,,,
2023-04-24 17:16:37,"Abend-Workout",47min,"Push Up",1,0.0,16.0,0,0.0,,,
2023-04-24 17:16:37,"Abend-Workout",47min,"Push Up",Ruhezeit,0.0,0.0,0,60.0,,,
2023-04-24 17:16:37,"Abend-Workout",47min,"Push Up",2,0.0,15.0,0,0.0,,,
2023-04-24 17:16:37,"Abend-Workout",47min,"Push Up",Ruhezeit,0.0,0.0,0,60.0,,,
2023-04-24 17:16:37,"Abend-Workout",47min,"Push Up",3,0.0,15.0,0,0.0,,,
2023-04-24 17:16:37,"Abend-Workout",47min,"Push Up",Ruhezeit,0.0,0.0,0,90.0,,,
2023-04-24 17:16:37,"Abend-Workout",47min,"Push Up",4,0.0,15.0,0,0.0,,,
2023-04-26 18:28:11,"Abend-Workout",1h 8min,"Pull Up",W,-0.5,8.0,0,0.0,,,
2023-04-26 18:28:11,"Abend-Workout",1h 8min,"Pull Up",W,0.5,8.0,0,0.0,,,
2023-04-26 18:28:11,"Abend-Workout",1h 8min,"Pull Up",1,0.0,9.0,0,0.0,,,
2023-04-26 18:28:11,"Abend-Workout",1h 8min,"Pull Up",Ruhezeit,0.0,0.0,0,60.0,,,
2023-04-26 18:28:11,"Abend-Workout",1h 8min,"Pull Up",2,0.0,8.0,0,0.0,,,
2023-04-26 18:28:11,"Abend-Workout",1h 8min,"Pull Up",Ruhezeit,0.0,0.0,0,150.0,,,
2023-04-26 18:28:11,"Abend-Workout",1h 8min,"Pull Up",3,0.0,9.0,0,0.0,,,
2023-04-26 18:28:11,"Abend-Workout",1h 8min,"Seated Row (Cable)",1,39.5,9.0,0,0.0,,,
2023-04-26 18:28:11,"Abend-Workout",1h 8min,"Seated Row (Cable)",Ruhezeit,0.0,0.0,0,90.0,,,
2023-04-26 18:28:11,"Abend-Workout",1h 8min,"Seated Row (Cable)",2,46.5,10.0,0,0.0,,,
2023-04-26 18:28:11,"Abend-Workout",1h 8min,"Seated Row (Cable)",Ruhezeit,0.0,0.0,0,60.0,,,
2023-04-26 18:28:11,"Abend-Workout",1h 8min,"Seated Row (Cable)",3,49.0,10.0,0,0.0,,,
2023-04-26 18:28:11,"Abend-Workout",1h 8min,"Seated Row (Cable)",Ruhezeit,0.0,0.0,0,90.0,,,
2023-04-26 18:28:11,"Abend-Workout",1h 8min,"Seated Row (Cable)",4,50.0,10.0,0,0.0,,,
2023-04-26 18:28:11,"Abend-Workout",1h 8min,"Bicep Curl (Barbell)",1,27.0,9.0,0,0.0,,,
2023-04-26 18:28:11,"Abend-Workout",1h 8min,"Bicep Curl (Barbell)",Ruhezeit,0.0,0.0,0,90.0,,,
2023-04-26 18:28:11,"Abend-Workout",1h 8min,"Bicep Curl (Barbell)",2,27.0,10.0,0,0.0,,,
2023-04-26 18:28:11,"Abend-Workout",1h 8min,"Bicep Curl (Barbell)",Ruhezeit,0.0,0.0,0,60.0,,,
2023-04-26 18:28:11,"Abend-Workout",1h 8min,"Bicep Curl (Barbell)",3,23.0,9.0,0,0.0,,,
2023-04-26 18:28:11,"Abend-Workout",1h 8min,"Bicep Curl Bench (Dumbell)",1,9.5,11.0,0,0.0,,,
2023-04-26 18:28:11,"Abend-Workout",1h 8min,"Bicep Curl Bench (Dumbell)",Ruhezeit,0.0,0.0,0,60.0,,,
2023-04-26 18:28:11,"Abend-Workout",1h 8min,"Bicep Curl Bench (Dumbell)",2,10.5,13.0,0,0.0,,,
2023-04-26 18:28:11,"Abend-Workout",1h 8min,"Bicep Curl Bench (Dumbell)",Ruhezeit,0.0,0.0,0,120.0,,,
2023-04-26 18:28:11,"Abend-Workout",1h 8min,"Bicep Curl Bench (Dumbell)",3,10.0,11.0,0,0.0,,,
2023-04-26 18:28:11,"Abend-Workout",1h 8min,"Face Pull (Cable)",1,20.0,15.0,0,0.0,,,
2023-04-26 18:28:11,"Abend-Workout",1h 8min,"Face Pull (Cable)",Ruhezeit,0.0,0.0,0,60.0,,,
2023-04-26 18:28:11,"Abend-Workout",1h 8min,"Face Pull (Cable)",2,22.0,16.0,0,0.0,,,
2023-04-26 18:28:11,"Abend-Workout",1h 8min,"Face Pull (Cable)",Ruhezeit,0.0,0.0,0,150.0,,,
2023-04-26 18:28:11,"Abend-Workout",1h 8min,"Face Pull (Cable)",3,20.0,14.0,0,0.0,,,
2023-04-26 18:28:11,"Abend-Workout",1h 8min,"Push Up (Knees)",1,0.0,13.0,0,0.0,,,
2023-04-26 18:28:11,"Abend-Workout",1h 8min,"Push Up (Knees)",Ruhezeit,0.0,0.0,0,150.0,,,
2023-04-26 18:28:11,"Abend-Workout",1h 8min,"Push Up (Knees)",2,0.0,12.0,0,0.0,,,
2023-04-28 17:23:17,"Abend-Workout",1h 0min,"Squat (Barbell)",W,33.0,8.0,0,0.0,,,
2023-04-28 17:23:17,"Abend-Workout",1h 0min,"Squat (Barbell)",W,34.0,8.0,0,0.0,,,
2023-04-28 17:23:17,"Abend-Workout",1h 0min,"Squat (Barbell)",1,68.0,7.0,0,0.0,,,
2023-04-28 17:23:17,"Abend-Workout",1h 0min,"Squat (Barbell)",Ruhezeit,0.0,0.0,0,60.0,,,
2023-04-28 17:23:17,"Abend-Workout",1h 0min,"Squat (Barbell)",2,68.0,8.0,0,0.0,,,
2023-04-28 17:23:17,"Abend-Workout",1h 0min,"Squat (Barbell)",Ruhezeit,0.0,0.0,0,90.0,,,
2023-04-28 17:23:17,"Abend-Workout",1h 0min,"Squat (Barbell)",3,65.0,9.0,0,0.0,,,
2023-04-28 17:23:17,"Abend-Workout",1h 0min,"Squat (Barbell)",Ruhezeit,0.0,0.0,0,120.0,,,
2023-04-28 17:23:17,"Abend-Workout",1h 0min,"Squat (Barbell)",4,73.5,7.0,0,0.0,,,
2023-04-28 17:23:17,"Abend-Workout",1h 0min,"Leg Press",1,101.5,11.0,0,0.0,,,
2023-04-28 17:23:17,"Abend-Workout",1h 0min,"Leg Press",Ruhezeit,0.0,0.0,0,120.0,,,
2023-04-28 17:23:17,"Abend-Workout",1h 0min,"Leg Press",2,106.5,11.0,0,0.0,,,
2023-04-28 17:23:17,"Abend-Workout",1h 0min,"Leg Press",Ruhezeit,0.0,0.0,0,150.0,,,
2023-04-28 17:23:17,"Abend-Workout",1h 0min,"Leg Press",3,99.0,11.0,0,0.0,,,
2023-04-28 17:23:17,"Abend-Workout",1h 0min,"Leg Extension (Machine)",1,44.0,12.0,0,0.0,,,
2023-04-28 17:23:17,"Abend-Workout",1h 0min,"Leg Extension (Machine)",Ruhezeit,0.0,0.0,0,60.0,,,
2023-04-28 17:23:17,"Abend-Workout",1h 0min,"Leg Extension (Machine)",2,39.0,11.0,0,0.0,,,
2023-04-28 17:23:17,"Abend-Workout",1h 0min,"Leg Extension (Machine)",Ruhezeit,0.0,0.0,0,120.0,,,
2023-04-28 17:23:17,"Abend-Workout",1h 0min,"Leg Extension (Machine)",3,41.0,12.0,0,0.0,,,
2023-04-28 17:23:17,"Abend-Workout",1h 0min,"Leg Extension (Machine)",Ruhezeit,0.0,0.0,0,60.0,,,
2023-04-28 17:23:17,"Abend-Workout",1h 0min,"Leg Extension (Machine)",4,36.5,11.0,0,0.0,,,
2023-04-28 17:23:17,"Abend-Workout",1h 0min,"Standing Calf Raise (Bodyweight)",1,0.0,20.0,0,0.0,,,
2023-04-28 17:23:17,"Abend-Workout",1h 0min,"Standing Calf Raise (Bodyweight)",Ruhezeit,0.0,0.0,0,60.0,,,
2023-04-28 17:23:17,"Abend-Workout",1h 0min,"Standing Calf Raise (Bodyweight)",2,0.0,20.0,0,0.0,,,
2023-04-28 17:23:17,"Abend-Workout",1h 0min,"Standing Calf Raise (Bodyweight)",Ruhezeit,0.0,0.0,0,90.0,,,
2023-04-28 17:23:17,"Abend-Workout",1h 0min,"Standing Calf Raise (Bodyweight)",3,0.0,20.0,0,0.0,,,
2023-04-28 17:23:17,"Abend-Workout",1h 0min,"Single Leg Extension ",1,18.0,11.0,0,0.0,,,
2023-04-28 17:23:17,"Abend-Workout",1h 0min,"Single Leg Extension ",Ruhezeit,0.0,0.0,0,90.0,,,
2023-04-28 17:23:17,"Abend-Workout",1h 0min,"Single Leg Extension ",2,18.0,11.0,0,0.0,,,
2023-04-28 17:23:17,"Abend-Workout",1h 0min,"Single Leg Extension ",Ruhezeit,0.0,0.0,0,150.0,,,
2023-04-28 17:23:17,"Abend-Workout",1h 0min,"Single Leg Extension ",3,20.0,12.0,0,0.0,,,
2023-04-28 17:23:17,"Abend-Workout",1h 0min,"Plank",1,0.0,0.0,0,35.0,,,
2023-04-28 17:23:17,"Abend-Workout",1h 0min,"Plank",Ruhezeit,0.0,0.0,0,90.0,,,
2023-04-28 17:23:17,"Abend-Workout",1h 0min,"Plank",2,0.0,0.0,0,40.0,,,
2023-04-28 17:23:17,"Abend-Workout",1h 0min,"Plank",Ruhezeit,0.0,0.0,0,120.0,,,
2023-04-28 17:23:17,"Abend-Workout",1h 0min,"Plank",3,0.0,0.0,0,45.0,,,
2023-05-01 18:40:35,"Abend-Workout",1h 7min,"Bench Press (Barbell)",W,29.0,8.0,0,0.0,,,
2023-05-01 18:40:35,"Abend-Workout",1h 7min,"Bench Press (Barbell)",W,28.5,8.0,0,0.0,,,
2023-05-01 18:40:35,"Abend-Workout",1h 7min,"Bench Press (Barbell)",1,63.5,8.0,0,0.0,,,
2023-05-01 18:40:35,"Abend-Workout",1h 7min,"Bench Press (Barbell)",Ruhezeit,0.0,0.0,0,90.0,,,
2023-05-01 18:40:35,"Abend-Workout",1h 7min,"Bench Press (Barbell)",2,57.0,9.0,0,0.0,,,
2023-05-01 18:40:35,"Abend-Workout",1h 7min,"Bench Press (Barbell)",Ruhezeit,0.0,0.0,0,150.0,,,
2023-05-01 18:40:35,"Abend-Workout",1h 7min,"Bench Press (Barbell)",3,62.0,7.0,0,0.0,,,
2023-05-01 18:40:35,"Abend-Workout",1h 7min,"Incline Bench Press (Dumbbell)",1,21.5,10.0,0,0.0,,,
2023-05-01 18:40:35,"Abend-Workout",1h 7min,"Incline Bench Press (Dumbbell)",Ruhezeit,0.0,0.0,0,60.0,,,
2023-05-01 18:40:35,"Abend-Workout",1h 7min,"Incline Bench Press (Dumbbell)",2,22.5,11.0,0,0.0,,,
2023-05-01 18:40:35,"Abend-Workout",1h 7min,"Incline Bench Press (Dumbbell)",Ruhezeit,0.0,0.0,0,150.0,,,
2023-05-01 18:40:35,"Abend-Workout",1h 7min,"Incline Bench Press (Dumbbell)",3,23.5,9.0,0,0.0,,,
2023-05-01 18:40:35,"Abend-Workout",1h 7min,"Incline Bench Press (Dumbbell)",Ruhezeit,0.0,0.0,0,90.0,,,
2023-05-01 18:40:35,"Abend-Workout",1h 7min,"Incline Bench Press (Dumbbell)",4,21.0,9.0,0,0.0,,,
2023-05-01 18:40:35,"Abend-Workout",1h 7min,"Overhead Press (Barbell)",1,38.5,8.0,0,0.0,,,
2023-05-01 18:40:35,"Abend-Workout",1h 7min,"Overhead Press (Barbell)",Ruhezeit,0.0,0.0,0,120.0,,,
2023-05-01 18:40:35,"Abend-Workout",1h 7min,"Overhead Press (Barbell)",2,37.5,7.0,0,0.0,,,
2023-05-01 18:40:35,"Abend-Workout",1h 7min,"Overhead Press (Barbell)",Ruhezeit,0.0,0.0,0,60.0,,,
2023-05-01 18:40:35,"Abend-Workout",1h 7min,"Overhead Press (Barbell)",3,33.5,7.0,0,0.0,,,
2023-05-01 18:40:35,"Abend-Workout",1h 7min,"Overhead Press (Barbell)",Ruhezeit,0.0,0.0,0,60.0,,,
2023-05-01 18:40:35,"Abend-Workout",1h 7min,"Overhead Press (Barbell)",4,35.0,8.0,0,0.0,,,
2023-05-01 18:40:35,"Abend-Workout",1h 7min,"Lateral Raise (Dumbbell)",1,8.5,13.0,0,0.0,,,
2023-05-01 18:40:35,"Abend-Workout",1h 7min,"Lateral Raise (Dumbbell)",Ruhezeit,0.0,0.0,0,60.0,,,
2023-05-01 18:40:35,"Abend-Workout",1h 7min,"Lateral Raise (Dumbbell)",2,8.5,11.0,0,0.0,,,
2023-05-01 18:40:35,"Abend-Workout",1h 7min,"Lateral Raise (Dumbbell)",Ruhezeit,0.0,0.0,0,90.0,,,
2023-05-01 18:40:35,"Abend-Workout",1h 7min,"Lateral Raise (Dumbbell)",3,9.5,13.0,0,0.0,,,
2023-05-01 18:40:35,"Abend-Workout",1h 7min,"Lateral Raise (Dumbbell)",Ruhezeit,0.0,0.0,0,90.0,,,
2023-05-01 18:40:35,"Abend-Workout",1h 7min,"Lateral Raise (Dumbbell)",4,9.5,12.0,0,0.0,,,
2023-05-01 18:40:35,"Abend-Workout",1h 7min,"Triceps Pushdown (Cable - Straight Bar)",1,24.0,13.0,0,0.0,,,
2023-05-01 18:40:35,"Abend-Workout",1h 7min,"Triceps Pushdown (Cable - Straight Bar)",Ruhezeit,0.0,0.0,0,60.0,,,
2023-05-01 18:40:35,"Abend-Workout",1h 7min,"Triceps Pushdown (Cable - Straight Bar)",2,25.5,13.0,0,0.0,,,
2023-05-01 18:40:35,"Abend-Workout",1h 7min,"Triceps Pushdown (Cable - Straight Bar)",Ruhezeit,0.0,0.0,0,90.0,,,
2023-05-01 18:40:35,"Abend-Workout",1h 7min,"Triceps Pushdown (Cable - Straight Bar)",3,28.0,13.0,0,0.0,,,
2023-05-01 18:40:35,"Abend-Workout",1h 7min,"Triceps Pushdown (Cable - Straight Bar)",Ruhezeit,0.0,0.0,0,60.0,,,
2023-05-01 18:40:35,"Abend-Workout",1h 7min,"Triceps Pushdown (Cable - Straight Bar)",4,24.5,12.0,0,0.0,,,
2023-05-01 18:40:35,"Abend-Workout",1h 7min,"Push Up",1,0.0,14.0,0,0.0,,,
2023-05-01 18:40:35,"Abend-Workout",1h 7min,"Push Up",Ruhezeit,0.0,0.0,0,120.0,,,
2023-05-01 18:40:35,"Abend-Workout",1h 7min,"Push Up",2,0.0,16.0,0,0.0,,,
2023-05-01 18:40:35,"Abend-Workout",1h 7min,"Push Up",Ruhezeit,0.0,0.0,0,90.0,,,
2023-05-01 18:40:35,"Abend-Workout",1h 7min,"Push Up",3,0.0,15.0,0,0.0,,,
2023-05-01 18:40:35,"Abend-Workout",1h 7min,"Push Up",Ruhezeit,0.0,0.0,0,120.0,,,
2023-05-01 18:40:35,"Abend-Workout",1h 7min,"Push Up",4,0.0,14.0,0,0.0,,,
2023-05-03 18:18:01,"Abend-Workout",48min,"Pull Up",W,-1.0,8.0,0,0.0,,,
2023-05-03 18:18:01,"Abend-Workout",48min,"Pull Up",W,-1.5,8.0,0,0.0,,,
2023-05-03 18:18:01,"Abend-Workout",48min,"Pull Up",1,16.0,9.0,0,0.0,,,
2023-05-03 18:18:01,"Abend-Workout",48min,"Pull Up",Ruhezeit,0.0,0.0,0,150.0,,,
2023-05-03 18:18:01,"Abend-Workout",48min,"Pull Up",2,16.0,7.0,0,0.0,,,
2023-05-03 18:18:01,"Abend-Workout",48min,"Pull Up",Ruhezeit,0.0,0.0,0,150.0,,,
2023-05-03 18:18:01,"Abend-Workout",48min,"Pull Up",3,16.0,8.0,0,0.0,,,
2023-05-03 18:18:01,"Abend-Workout",48min,"Seated Row (Cable)",1,50.0,9.0,0,0.0,,,
2023-05-03 18:18:01,"Abend-Workout",48min,"Seated Row (Cable)",Ruhezeit,0.0,0.0,0,120.0,,,
2023-05-03 18:18:01,"Abend-Workout",48min,"Seated Row (Cable)",2,48.0,10.0,0,0.0,,,
2023-05-03 18:18:01,"Abend-Workout",48min,"Seated Row (Cable)",Ruhezeit,0.0,0.0,0,60.0,,,
2023-05-03 18:18:01,"Abend-Workout",48min,"Seated Row (Cable)",3,40.0,9.0,0,0.0,,,
2023-05-03 18:18:01,"Abend-Workout",48min,"Bicep Curl (Barbell)",1,25.5,10.0,0,0.0,,,
2023-05-03 18:18:01,"Abend-Workout",48min,"Bicep Curl (Barbell)",Ruhezeit,0.0,0.0,0,150.0,,,
2023-05-03 18:18:01,"Abend-Workout",48min,"Bicep Curl (Barbell)",2,23.5,9.0,0,0.0,,,
2023-05-03 18:18:01,"Abend-Workout",48min,"Bicep Curl (Barbell)",Ruhezeit,0.0,0.0,0,120.0,,,
2023-05-03 18:18:01,"Abend-Workout",48min,"Bicep Curl (Barbell)",3,22.0,10.0,0,0.0,,,
2023-05-03 18:18:01,"Abend-Workout",48min,"Bicep Curl Bench (Dumbell)",1,10.5,13.0,0,0.0,,,
2023-05-03 18:18:01,"Abend-Workout",48min,"Bicep Curl Bench (Dumbell)",Ruhezeit,0.0,0.0,0,150.0,,,
2023-05-03 18:18:01,"Abend-Workout",48min,"Bicep Curl Bench (Dumbell)",2,9.5,12.0,0,0.0,,,
2023-05-03 18:18:01,"Abend-Workout",48min,"Bicep Curl Bench (Dumbell)",Ruhezeit,0.0,0.0,0,90.0,,,
2023-05-03 18:18:01,"Abend-Workout",48min,"Bicep Curl Bench (Dumbell)",3,9.0,12.0,0,0.0,,,
2023-05-03 18:18:01,"Abend-Workout",48min,"Face Pull (Cable)",1,19.0,15.0,0,0.0,,,
2023-05-03 18:18:01,"Abend-Workout",48min,"Face Pull (Cable)",Ruhezeit,0.0,0.0,0,90.0,,,
2023-05-03 18:18:01,"Abend-Workout",48min,"Face Pull (Cable)",2,19.0,16.0,0,0.0,,,
2023-05-03 18:18:01,"Abend-Workout",48min,"Face Pull (Cable)",Ruhezeit,0.0,0.0,0,90.0,,,
2023-05-03 18:18:01,"Abend-Workout",48min,"Face Pull (Cable)",3,21.5,16.0,0,0.0,,,
2023-05-05 19:59:06,"Abend-Workout",55min,"Squat (Barbell)",W,33.5,8.0,0,0.0,,,
2023-05-05 19:59:06,"Abend-Workout",55min,"Squat (Barbell)",W,33.5,8.0,0,0.0,,,
2023-05-05 19:59:06,"Abend-Workout",55min,"Squat (Barbell)",1,0.0,8.0,0,0.0,,,
2023-05-05 19:59:06,"Abend-Workout",55min,"Squat (Barbell)",Ruhezeit,0.0,0.0,0,90.0,,,
2023-05-05 19:59:06,"Abend-Workout",55min,"Squat (Barbell)",2,69.0,7.0,0,0.0,,,
2023-05-05 19:59:06,"Abend-Workout",55min,"Squat (Barbell)",Ruhezeit,0.0,0.0,0,120.0,,,
2023-05-05 19:59:06,"Abend-Workout",55min,"Squat (Barbell)",3,66.5,9.0,0,0.0,,,
2023-05-05 19:59:06,"Abend-Workout",55min,"Leg Press",1,106.5,10.0,0,0.0,,,
2023-05-05 19:59:06,"Abend-Workout",55min,"Leg Press",Ruhezeit,0.0,0.0,0,90.0,,,
2023-05-05 19:59:06,"Abend-Workout",55min,"Leg Press",2,102.0,9.0,0,0.0,,,
2023-05-05 19:59:06,"Abend-Workout",55min,"Leg Press",Ruhezeit,0.0,0.0,0,150.0,,,
2023-05-05 19:59:06,"Abend-Workout",55min,"Leg Press",3,103.5,10.0,0,0.0,,,
2023-05-05 19:59:06,"Abend-Workout",55min,"Leg Extension (Machine)",1,39.5,12.0,0,0.0,,,
2023-05-05 19:59:06,"Abend-Workout",55min,"Leg Extension (Machine)",Ruhezeit,0.0,0.0,0,120.0,,,
2023-05-05 19:59:06,"Abend-Workout",55min,"Leg Extension (Machine)",2,39.5,13.0,0,0.0,,,
2023-05-05 19:59:06,"Abend-Workout",55min,"Leg Extension (Machine)",Ruhezeit,0.0,0.0,0,150.0,,,
2023-05-05 19:59:06,"Abend-Workout",55min,"Leg Extension (Machine)",3,35.5,13.0,0,0.0,,,
2023-05-05 19:59:06,"Abend-Workout",55min,"Standing Calf Raise (Bodyweight)",1,0.0,20.0,0,0.0,,,
2023-05-05 19:59:06,"Abend-Workout",55min,"Standing Calf Raise (Bodyweight)",Ruhezeit,0.0,0.0,0,90.0,,,
2023-05-05 19:59:06,"Abend-Workout",55min,"Standing Calf Raise (Bodyweight)",2,0.0,21.0,0,0.0,,,
2023-05-05 19:59:06,"Abend-Workout",55min,"Standing Calf Raise (Bodyweight)",Ruhezeit,0.0,0.0,0,60.0,,,
2023-05-05 19:59:06,"Abend-Workout",55min,"Standing Calf Raise (Bodyweight)",3,0.0,19.0,0,0.0,,,
2023-05-05 19:59:06,"Abend-Workout",55min,"Single Leg Extension ",1,19.5,12.0,0,0.0,,,
2023-05-05 19:59:06,"Abend-Workout",55min,"Single Leg Extension ",Ruhezeit,0.0,0.0,0,120.0,,,
2023-05-05 19:59:06,"Abend-Workout",55min,"Single Leg Extension ",2,19.5,11.0,0,0.0,,,
2023-05-05 19:59:06,"Abend-Workout",55min,"Single Leg Extension ",Ruhezeit,0.0,0.0,0,60.0,,,
2023-05-05 19:59:06,"Abend-Workout",55min,"Single Leg Extension ",3,20.5,13.0,0,0.0,,,
2023-05-05 19:59:06,"Abend-Workout",55min,"Plank",1,0.0,0.0,0,35.0,,,
2023-05-05 19:59:06,"Abend-Workout",55min,"Plank",Ruhezeit,0.0,0.0,0,60.0,,,
2023-05-05 19:59:06,"Abend-Workout",55min,"Plank",2,0.0,0.0,0,40.0,,,
2023-05-05 19:59:06,"Abend-Workout",55min,"Plank",Ruhezeit,0.0,0.0,0,150.0,,,
2023-05-05 19:59:06,"Abend-Workout",55min,"Plank",3,0.0,0.0,0,45.0,,,
2023-05-05 19:59:06,"Abend-Workout",55min,"Push Up (Knees)",1,0.0,11.0,0,0.0,,,
2023-05-05 19:59:06,"Abend-Workout",55min,"Push Up (Knees)",Ruhezeit,0.0,0.0,0,60.0,,,
2023-05-05 19:59:06,"Abend-Workout",55min,"Push Up (Knees)",2,0.0,13.0,0,0.0,,,
2023-05-05 19:59:06,"Abend-Workout",55min,"Running",1,0.0,0.0,1.75,450.0,,,
2023-05-08 19:31:51,"Abend-Workout",1h 12min,"Bench Press (Barbell)",W,29.5,8.0,0,0.0,,,
2023-05-08 19:31:51,"Abend-Workout",1h 12min,"Bench Press (Barbell)",W,30.0,8.0,0,0.0,,,
2023-05-08 19:31:51,"Abend-Workout",1h 12min,"Bench Press (Barbell)",1,64.5,9.0,0,0.0,,,
2023-05-08 19:31:51,"Abend-Workout",1h 12min,"Bench Press (Barbell)",Ruhezeit,0.0,0.0,0,90.0,,,
2023-05-08 19:31:51,"Abend-Workout",1h 12min,"Bench Press (Barbell)",2,67.0,7.0,0,0.0,,,
2023-05-08 19:31:51,"Abend-Workout",1h 12min,"Bench Press (Barbell)",Ruhezeit,0.0,0.0,0,150.0,,,
2023-05-08 19:31:51,"Abend-Workout",1h 12min,"Bench Press (Barbell)",3,65.0,8.0,0,0.0,,,
2023-05-08 19:31:51,"Abend-Workout",1h 12min,"Incline Bench Press (Dumbbell)",1,20.5,10.0,0,0.0,,,
2023-05-08 19:31:51,"Abend-Workout",1h 12min,"Incline Bench Press (Dumbbell)",Ruhezeit,0.0,0.0,0,120.0,,,
2023-05-08 19:31:51,"Abend-Workout",1h 12min,"Incline Bench Press (Dumbbell)",2,24.5,10.0,0,0.0,,,
2023-05-08 19:31:51,"Abend-Workout",1h 12min,"Incline Bench Press (Dumbbell)",Ruhezeit,0.0,0.0,0,120.0,,,
2023-05-08 19:31:51,"Abend-Workout",1h 12min,"Incline Bench Press (Dumbbell)",3,20.5,10.0,0,0.0,,,
2023-05-08 19:31:51,"Abend-Workout",1h 12min,"Overhead Press (Barbell)",1,34.0,8.0,0,0.0,,,
2023-05-08 19:31:51,"Abend-Workout",1h 12min,"Overhead Press (Barbell)",Ruhezeit,0.0,0.0,0,150.0,,,
2023-05-08 19:31:51,"Abend-Workout",1h 12min,"Overhead Press (Barbell)",2,34.0,8.0,0,0.0,,,
2023-05-08 19:31:51,"Abend-Workout",1h 12min,"Overhead Press (Barbell)",Ruhezeit,0.0,0.0,0,120.0,,,
2023-05-08 19:31:51,"Abend-Workout",1h 12min,"Overhead Press (Barbell)",3,33.0,9.0,0,0.0,,,
2023-05-08 19:31:51,"Abend-Workout",1h 12min,"Overhead Press (Barbell)",Ruhezeit,0.0,0.0,0,90.0,,,
2023-05-08 19:31:51,"Abend-Workout",1h 12min,"Overhead Press (Barbell)",4,36.0,8.0,0,0.0,,,
2023-05-08 19:31:51,"Abend-Workout",1h 12min,"Lateral Raise (Dumbbell)",1,8.5,11.0,0,0.0,,,
2023-05-08 19:31:51,"Abend-Workout",1h 12min,"Lateral Raise (Dumbbell)",Ruhezeit,0.0,0.0,0,150.0,,,
2023-05-08 19:31:51,"Abend-Workout",1h 12min,"Lateral Raise (Dumbbell)",2,9.0,11.0,0,0.0,,,
2023-05-08 19:31:51,"Abend-Workout",1h 12min,"Lateral Raise (Dumbbell)",Ruhezeit,0.0,0.0,0,90.0,,,
2023-05-08 19:31:51,"Abend-Workout",1h 12min,"Lateral Raise (Dumbbell)",3,9.0,11.0,0,0.0,,,
2023-05-08 19:31:51,"Abend-Workout",1h 12min,"Lateral Raise (Dumbbell)",D,6.0,16.0,0,0.0,,,
2023-05-08 19:31:51,"Abend-Workout",1h 12min,"Triceps Pushdown (Cable - Straight Bar)",1,26.5,13.0,0,0.0,,,
2023-05-08 19:31:51,"Abend-Workout",1h 12min,"Triceps Pushdown (Cable - Straight Bar)",Ruhezeit,0.0,0.0,0,150.0,,,
2023-05-08 19:31:51,"Abend-Workout",1h 12min,"Triceps Pushdown (Cable - Straight Bar)",2,22.5,13.0,0,0.0,,,
2023-05-08 19:31:51,"Abend-Workout",1h 12min,"Triceps Pushdown (Cable - Straight Bar)",Ruhezeit,0.0,0.0,0,60.0,,,
2023-05-08 19:31:51,"Abend-Workout",1h 12min,"Triceps Pushdown (Cable - Straight Bar)",3,28.0,11.0,0,0.0,,,
2023-05-08 19:31:51,"Abend-Workout",1h 12min,"Push Up",1,0.0,14.0,0,0.0,,,
2023-05-08 19:31:51,"Abend-Workout",1h 12min,"Push Up",Ruhezeit,0.0,0.0,0,150.0,,,
2023-05-08 19:31:51,"Abend-Workout",1h 12min,"Push Up",2,0.0,15.0,0,0.0,,,
2023-05-08 19:31:51,"Abend-Workout",1h 12min,"Push Up",Ruhezeit,0.0,0.0,0,150.0,,,
2023-05-08 19:31:51,"Abend-Workout",1h 12min,"Push Up",3,0.0,15.0,0,0.0,,,
2023-05-08 19:31:51,"Abend-Workout",1h 12min,"Push Up",Ruhezeit,0.0,0.0,0,60.0,,,
2023-05-08 19:31:51,"Abend-Workout",1h 12min,"Push Up",4,0.0,16.0,0,0.0,,,
2023-05-10 18:24:09,"Abend-Workout",47min,"Pull Up",W,-0.5,8.0,0,0.0,,,
2023-05-10 18:24:09,"Abend-Workout",47min,"Pull Up",W,-1.5,8.0,0,0.0,,,
2023-05-10 18:24:09,"Abend-Workout",47min,"Pull Up",1,0.0,7.0,0,0.0,,,
2023-05-10 18:24:09,"Abend-Workout",47min,"Pull Up",Ruhezeit,0.0,0.0,0,90.0,,,
2023-05-10 18:24:09,"Abend-Workout",47min,"Pull Up",2,0.0,9.0,0,0.0,,,
2023-05-10 18:24:09,"Abend-Workout",47min,"Pull Up",Ruhezeit,0.0,0.0,0,60.0,,,
2023-05-10 18:24:09,"Abend-Workout",47min,"Pull Up",3,0.0,7.0,0,0.0,,,
2023-05-10 18:24:09,"Abend-Workout",47min,"Seated Row (Cable)",1,40.5,11.0,0,0.0,,,
2023-05-10 18:24:09,"Abend-Workout",47min,"Seated Row (Cable)",Ruhezeit,0.0,0.0,0,120.0,,,
2023-05-10 18:24:09,"Abend-Workout",47min,"Seated Row (Cable)",2,48.0,9.0,0,0.0,,,
2023-05-10 18:24:09,"Abend-Workout",47min,"Seated Row (Cable)",Ruhezeit,0.0,0.0,0,150.0,,,
2023-05-10 18:24:09,"Abend-Workout",47min,"Seated Row (Cable)",3,44.0,9.0,0,0.0,,,
2023-05-10 18:24:09,"Abend-Workout",47min,"Seated Row (Cable)",Ruhezeit,0.0,0.0,0,150.0,,,
2023-05-10 18:24:09,"Abend-Workout",47min,"Seated Row (Cable)",4,46.0,10.0,0,0.0,,,
2023-05-10 18:24:09,"Abend-Workout",47min,"Bicep Curl (Barbell)",1,25.5,10.0,0,0.0,,,
2023-05-10 18:24:09,"Abend-Workout",47min,"Bicep Curl (Barbell)",Ruhezeit,0.0,0.0,0,90.0,,,
2023-05-10 18:24:09,"Abend-Workout",47min,"Bicep Curl (Barbell)",2,26.5,9.0,0,0.0,,,
2023-05-10 18:24:09,"Abend-Workout",47min,"Bicep Curl (Barbell)",Ruhezeit,0.0,0.0,0,60.0,,,
2023-05-10 18:24:09,"Abend-Workout",47min,"Bicep Curl (Barbell)",3,26.0,10.0,0,0.0,,,
2023-05-10 18:24:09,"Abend-Workout",47min,"Bicep Curl Bench (Dumbell)",1,9.5,11.0,0,0.0,,,
2023-05-10 18:24:09,"Abend-Workout",47min,"Bicep Curl Bench (Dumbell)",Ruhezeit,0.0,0.0,0,120.0,,,
2023-05-10 18:24:09,"Abend-Workout",47min,"Bicep Curl Bench (Dumbell)",2,9.0,11.0,0,0.0,,,
2023-05-10 18:24:09,"Abend-Workout",47min,"Bicep Curl Bench (Dumbell)",Ruhezeit,0.0,0.0,0,150.0,,,
2023-05-10 18:24:09,"Abend-Workout",47min,"Bicep Curl Bench (Dumbell)",3,9.0,13.0,0,0.0,,,
2023-05-10 18:24:09,"Abend-Workout",47min,"Bicep Curl Bench (Dumbell)",Ruhezeit,0.0,0.0,0,90.0,,,
2023-05-10 18:24:09,"Abend-Workout",47min,"Bicep Curl Bench (Dumbell)",4,10.5,13.0,0,0.0,,,
2023-05-10 18:24:09,"Abend-Workout",47min,"Face Pull (Cable)",1,20.5,14.0,0,0.0,,,
2023-05-10 18:24:09,"Abend-Workout",47min,"Face Pull (Cable)",Ruhezeit,0.0,0.0,0,120.0,,,
2023-05-10 18:24:09,"Abend-Workout",47min,"Face Pull (Cable)",2,22.5,16.0,0,0.0,,,
2023-05-10 18:24:09,"Abend-Workout",47min,"Face Pull (Cable)",Ruhezeit,0.0,0.0,0,90.0,,,
2023-05-10 18:24:09,"Abend-Workout",47min,"Face Pull (Cable)",3,20.5,16.0,0,0.0,,,
2023-05-12 19:00:37,"Abend-Workout",1h 14min,"Squat (Barbell)",W,35.5,8.0,0,0.0,,,
2023-05-12 19:00:37,"Abend-Workout",1h 14min,"Squat (Barbell)",W,36.0,8.0,0,0.0,,,
2023-05-12 19:00:37,"Abend-Workout",1h 14min,"Squat (Barbell)",1,66.0,7.0,0,0.0,,,
2023-05-12 19:00:37,"Abend-Workout",1h 14min,"Squat (Barbell)",Ruhezeit,0.0,0.0,0,60.0,,,
2023-05-12 19:00:37,"Abend-Workout",1h 14min,"Squat (Barbell)",2,77.5,9.0,0,0.0,,,
2023-05-12 19:00:37,"Abend-Workout",1h 14min,"Squat (Barbell)",Ruhezeit,0.0,0.0,0,90.0,,,
2023-05-12 19:00:37,"Abend-Workout",1h 14min,"Squat (Barbell)",3,78.5,7.0,0,0.0,,,
2023-05-12 19:00:37,"Abend-Workout",1h 14min,"Leg Press",1,109.0,11.0,0,0.0,,,
2023-05-12 19:00:37,"Abend-Workout",1h 14min,"Leg Press",Ruhezeit,0.0,0.0,0,90.0,,,
2023-05-12 19:00:37,"Abend-Workout",1h 14min,"Leg Press",2,109.5,11.0,0,0.0,,,
2023-05-12 19:00:37,"Abend-Workout",1h 14min,"Leg Press",Ruhezeit,0.0,0.0,0,90.0,,,
2023-05-12 19:00:37,"Abend-Workout",1h 14min,"Leg Press",3,110.0,10.0,0,0.0,,,
2023-05-12 19:00:37,"Abend-Workout",1h 14min,"Leg Press",Ruhezeit,0.0,0.0,0,90.0,,,
2023-05-12 19:00:37,"Abend-Workout",1h 14min,"Leg Press",4,110.0,10.0,0,0.0,,,
2023-05-12 19:00:37,"Abend-Workout",1h 14min,"Leg Extension (Machine)",1,41.5,13.0,0,0.0,,,
2023-05-12 19:00:37,"Abend-Workout",1h 14min,"Leg Extension (Machine)",Ruhezeit,0.0,0.0,0,90.0,,,
2023-05-12 19:00:37,"Abend-Workout",1h 14min,"Leg Extension (Machine)",2,40.0,13.0,0,0.0,,,
2023-05-12 19:00:37,"Abend-Workout",1h 14min,"Leg Extension (Machine)",Ruhezeit,0.0,0.0,0,90.0,,,
2023-05-12 19:00:37,"Abend-Workout",1h 14min,"Leg Extension (Machine)",3,39.5,13.0,0,0.0,,,
2023-05-12 19:00:37,"Abend-Workout",1h 14min,"Standing Calf Raise (Bodyweight)",1,0.0,19.0,0,0.0,,,
2023-05-12 19:00:37,"Abend-Workout",1h 14min,"Standing Calf Raise (Bodyweight)",Ruhezeit,0.0,0.0,0,120.0,,,
2023-05-12 19:00:37,"Abend-Workout",1h 14min,"Standing Calf Raise (Bodyweight)",2,0.0,21.0,0,0.0,,,
2023-05-12 19:00:37,"Abend-Workout",1h 14min,"Standing Calf Raise (Bodyweight)",Ruhezeit,0.0,0.0,0,60.0,,,
2023-05-12 19:00:37,"Abend-Workout",1h 14min,"Standing Calf Raise (Bodyweight)",3,0.0,21.0,0,0.0,,,
2023-05-12 19:00:37,"Abend-Workout",1h 14min,"Standing Calf Raise (Bodyweight)",Ruhezeit,0.0,0.0,0,60.0,,,
2023-05-12 19:00:37,"Abend-Workout",1h 14min,"Standing Calf Raise (Bodyweight)",4,0.0,19.0,0,0.0,,,
2023-05-12 19:00:37,"Abend-Workout",1h 14min,"Single Leg Extension ",1,20.5,11.0,0,0.0,,,
2023-05-12 19:00:37,"Abend-Workout",1h 14min,"Single Leg Extension ",Ruhezeit,0.0,0.0,0,150.0,,,
2023-05-12 19:00:37,"Abend-Workout",1h 14min,"Single Leg Extension ",2,21.5,13.0,0,0.0,,,
2023-05-12 19:00:37,"Abend-Workout",1h 14min,"Single Leg Extension ",Ruhezeit,0.0,0.0,0,150.0,,,
2023-05-12 19:00:37,"Abend-Workout",1h 14min,"Single Leg Extension ",3,21.5,12.0,0,0.0,,,
2023-05-12 19:00:37,"Abend-Workout",1h 14min,"Single Leg Extension ",Ruhezeit,0.0,0.0,0,150.0,,,
2023-05-12 19:00:37,"Abend-Workout",1h 14min,"Single Leg Extension ",4,21.5,12.0,0,0.0,,,
2023-05-12 19:00:37,"Abend-Workout",1h 14min,"Plank",1,0.0,0.0,0,35.0,,,
2023-05-12 19:00:37,"Abend-Workout",1h 14min,"Plank",Ruhezeit,0.0,0.0,0,120.0,,,
2023-05-12 19:00:37,"Abend-Workout",1h 14min,"Plank",2,0.0,0.0,0,40.0,,,
2023-05-12 19:00:37,"Abend-Workout",1h 14min,"Plank",Ruhezeit,0.0,0.0,0,150.0,,,
2023-05-12 19:00:37,"Abend-Workout",1h 14min,"Plank",3,0.0,0.0,0,45.0,,,
2023-05-15 17:13:32,"Abend-Workout",50min,"Bench Press (Barbell)",W,28.5,8.0,0,0.0,,,
2023-05-15 17:13:32,"Abend-Workout",50min,"Bench Press (Barbell)",W,29.5,8.0,0,0.0,,,
2023-05-15 17:13:32,"Abend-Workout",50min,"Bench Press (Barbell)",1,54.0,9.0,0,0.0,,,
2023-05-15 17:13:32,"Abend-Workout",50min,"Bench Press (Barbell)",Ruhezeit,0.0,0.0,0,120.0,,,
2023-05-15 17:13:32,"Abend-Workout",50min,"Bench Press (Barbell)",2,53.0,8.0,0,0.0,,,
2023-05-15 17:13:32,"Abend-Workout",50min,"Bench Press (Barbell)",Ruhezeit,0.0,0.0,0,150.0,,,
2023-05-15 17:13:32,"Abend-Workout",50min,"Bench Press (Barbell)",3,61.0,7.0,0,0.0,,,
2023-05-15 17:13:32,"Abend-Workout",50min,"Bench Press (Barbell)",Ruhezeit,0.0,0.0,0,60.0,,,
2023-05-15 17:13:32,"Abend-Workout",50min,"Bench Press (Barbell)",4,64.5,7.0,0,0.0,,,
2023-05-15 17:13:32,"Abend-Workout",50min,"Incline Bench Press (Dumbbell)",1,22.0,10.0,0,0.0,,,
2023-05-15 17:13:32,"Abend-Workout",50min,"Incline Bench Press (Dumbbell)",Ruhezeit,0.0,0.0,0,60.0,,,
2023-05-15 17:13:32,"Abend-Workout",50min,"Incline Bench Press (Dumbbell)",2,20.5,11.0,0,0.0,,,
2023-05-15 17:13:32,"Abend-Workout",50min,"Incline Bench Press (Dumbbell)",Ruhezeit,0.0,0.0,0,150.0,,,
2023-05-15 17:13:32,"Abend-Workout",50min,"Incline Bench Press (Dumbbell)",3,24.0,9.0,0,0.0,,,
2023-05-15 17:13:32,"Abend-Workout",50min,"Incline Bench Press (Dumbbell)",Ruhezeit,0.0,0.0,0,150.0,,,
2023-05-15 17:13:32,"Abend-Workout",50min,"Incline Bench Press (Dumbbell)",4,21.5,9.0,0,0.0,,,
2023-05-15 17:13:32,"Abend-Workout",50min,"Overhead Press (Barbell)",1,32.0,8.0,0,0.0,,,
2023-05-15 17:13:32,"Abend-Workout",50min,"Overhead Press (Barbell)",Ruhezeit,0.0,0.0,0,150.0,,,
2023-05-15 17:13:32,"Abend-Workout",50min,"Overhead Press (Barbell)",2,36.0,9.0,0,0.0,,,
2023-05-15 17:13:32,"Abend-Workout",50min,"Overhead Press (Barbell)",Ruhezeit,0.0,0.0,0,120.0,,,
2023-05-15 17:13:32,"Abend-Workout",50min,"Overhead Press (Barbell)",3,32.5,8.0,0,0.0,,,
2023-05-15 17:13:32,"Abend-Workout",50min,"Lateral Raise (Dumbbell)",1,9.5,13.0,0,0.0,,,
2023-05-15 17:13:32,"Abend-Workout",50min,"Lateral Raise (Dumbbell)",Ruhezeit,0.0,0.0,0,150.0,,,
2023-05-15 17:13:32,"Abend-Workout",50min,"Lateral Raise (Dumbbell)",2,8.5,11.0,0,0.0,,,
2023-05-15 17:13:32,"Abend-Workout",50min,"Lateral Raise (Dumbbell)",Ruhezeit,0.0,0.0,0,150.0,,,
2023-05-15 17:13:32,"Abend-Workout",50min,"Lateral Raise (Dumbbell)",3,8.5,11.0,0,0.0,,,
2023-05-15 17:13:32,"Abend-Workout",50min,"Lateral Raise (Dumbbell)",Ruhezeit,0.0,0.0,0,150.0,,,
2023-05-15 17:13:32,"Abend-Workout",50min,"Lateral Raise (Dumbbell)",4,9.5,13.0,0,0.0,,,
2023-05-15 17:13:32,"Abend-Workout",50min,"Triceps Pushdown (Cable - Straight Bar)",1,25.5,13.0,0,0.0,,,
2023-05-15 17:13:32,"Abend-Workout",50min,"Triceps Pushdown (Cable - Straight Bar)",Ruhezeit,0.0,0.0,0,90.0,,,
2023-05-15 17:13:32,"Abend-Workout",50min,"Triceps Pushdown (Cable - Straight Bar)",2,28.0,12.0,0,0.0,,,
2023-05-15 17:13:32,"Abend-Workout",50min,"Triceps Pushdown (Cable - Straight Bar)",Ruhezeit,0.0,0.0,0,120.0,,,
2023-05-15 17:13:32,"Abend-Workout",50min,"Triceps Pushdown (Cable - Straight Bar)",3,22.5,13.0,0,0.0,,,
2023-05-15 17:13:32,"Abend-Workout",50min,"Push Up",1,0.0,14.0,0,0.0,,,
2023-05-15 17:13:32,"Abend-Workout",50min,"Push Up",Ruhezeit,0.0,0.0,0,120.0,,,
2023-05-15 17:13:32,"Abend-Workout",50min,"Push Up",2,0.0,14.0,0,0.0,,,
2023-05-15 17:13:32,"Abend-Workout",50min,"Push Up",Ruhezeit,0.0,0.0,0,150.0,,,
2023-05-15 17:13:32,"Abend-Workout",50min,"Push Up",3,0.0,15.0,0,0.0,,,
2023-05-15 17:13:32,"Abend-Workout",50min,"Push Up",Ruhezeit,0.0,0.0,0,60.0,,,
2023-05-15 17:13:32,"Abend-Workout",50min,"Push Up",4,0.0,14.0,0,0.0,,,
2023-05-15 17:13:32,"Abend-Workout",50min,"Push Up (Knees)",1,0.0,12.0,0,0.0,,,
2023-05-15 17:13:32,"Abend-Workout",50min,"Push Up (Knees)",Ruhezeit,0.0,0.0,0,90.0,,,
2023-05-15 17:13:32,"Abend-Workout",50min,"Push Up (Knees)",2,0.0,12.0,0,0.0,,,
2023-05-17 18:47:22,"Abend-Workout",1h 10min,"Pull Up",W,-1.5,8.0,0,0.0,,,
2023-05-17 18:47:22,"Abend-Workout",1h 10min,"Pull Up",W,-0.5,8.0,0,0.0,,,
2023-05-17 18:47:22,"Abend-Workout",1h 10min,"Pull Up",1,18.0,9.0,0,0.0,,,
2023-05-17 18:47:22,"Abend-Workout",1h 10min,"Pull Up",Ruhezeit,0.0,0.0,0,120.0,,,
2023-05-17 18:47:22,"Abend-Workout",1h 10min,"Pull Up",2,18.0,9.0,0,0.0,,,
2023-05-17 18:47:22,"Abend-Workout",1h 10min,"Pull Up",Ruhezeit,0.0,0.0,0,120.0,,,
2023-05-17 18:47:22,"Abend-Workout",1h 10min,"Pull Up",3,18.0,9.0,0,0.0,,,
2023-05-17 18:47:22,"Abend-Workout",1h 10min,"Seated Row (Cable)",1,43.5,9.0,0,0.0,,,
2023-05-17 18:47:22,"Abend-Workout",1h 10min,"Seated Row (Cable)",Ruhezeit,0.0,0.0,0,120.0,,,
2023-05-17 18:47:22,"Abend-Workout",1h 10min,"Seated Row (Cable)",2,43.5,9.0,0,0.0,,,
2023-05-17 18:47:22,"Abend-Workout",1h 10min,"Seated Row (Cable)",Ruhezeit,0.0,0.0,0,60.0,,,
2023-05-17 18:47:22,"Abend-Workout",1h 10min,"Seated Row (Cable)",3,46.5,9.0,0,0.0,,,
2023-05-17 18:47:22,"Abend-Workout",1h 10min,"Bicep Curl (Barbell)",1,25.0,9.0,0,0.0,,,
2023-05-17 18:47:22,"Abend-Workout",1h 10min,"Bicep Curl (Barbell)",Ruhezeit,0.0,0.0,0,60.0,,,
2023-05-17 18:47:22,"Abend-Workout",1h 10min,"Bicep Curl (Barbell)",2,24.5,10.0,0,0.0,,,
2023-05-17 18:47:22,"Abend-Workout",1h 10min,"Bicep Curl (Barbell)",Ruhezeit,0.0,0.0,0,150.0,,,
2023-05-17 18:47:22,"Abend-Workout",1h 10min,"Bicep Curl (Barbell)",3,23.5,9.0,0,0.0,,,
2023-05-17 18:47:22,"Abend-Workout",1h 10min,"Bicep Curl (Barbell)",Ruhezeit,0.0,0.0,0,60.0,,,
2023-05-17 18:47:22,"Abend-Workout",1h 10min,"Bicep Curl (Barbell)",4,26.0,10.0,0,0.0,,,
2023-05-17 18:47:22,"Abend-Workout",1h 10min,"Bicep Curl Bench (Dumbell)",1,9.5,12.0,0,0.0,,,
2023-05-17 18:47:22,"Abend-Workout",1h 10min,"Bicep Curl Bench (Dumbell)",Ruhezeit,0.0,0.0,0,60.0,,,
2023-05-17 18:47:22,"Abend-Workout",1h 10min,"Bicep Curl Bench (Dumbell)",2,10.5,13.0,0,0.0,,,
2023-05-17 18:47:22,"Abend-Workout",1h 10min,"Bicep Curl Bench (Dumbell)",Ruhezeit,0.0,0.0,0,90.0,,,
2023-05-17 18:47:22,"Abend-Workout",1h 10min,"Bicep Curl Bench (Dumbell)",3,9.0,11.0,0,0.0,,,
2023-05-17 18:47:22,"Abend-Workout",1h 10min,"Face Pull (Cable)",1,17.5,15.0,0,0.0,,,
2023-05-17 18:47:22,"Abend-Workout",1h 10min,"Face Pull (Cable)",Ruhezeit,0.0,0.0,0,150.0,,,
2023-05-17 18:47:22,"Abend-Workout",1h 10min,"Face Pull (Cable)",2,22.0,14.0,0,0.0,,,
2023-05-17 18:47:22,"Abend-Workout",1h 10min,"Face Pull (Cable)",Ruhezeit,0.0,0.0,0,150.0,,,
2023-05-17 18:47:22,"Abend-Workout",1h 10min,"Face Pull (Cable)",3,18.5,16.0,0,0.0,,,
2023-05-17 18:47:22,"Abend-Workout",1h 10min,"Face Pull (Cable)",Ruhezeit,0.0,0.0,0,90.0,,,
2023-05-17 18:47:22,"Abend-Workout",1h 10min,"Face Pull (Cable)",4,21.0,16.0,0,0.0,,,
2023-05-19 17:51:10,"Abend-Workout",1h 14min,"Squat (Barbell)",W,36.5,8.0,0,0.0,,,
2023-05-19 17:51:10,"Abend-Workout",1h 14min,"Squat (Barbell)",W,36.0,8.0,0,0.0,,,
2023-05-19 17:51:10,"Abend-Workout",1h 14min,"Squat (Barbell)",1,62.5,7.0,0,0.0,,,
2023-05-19 17:51:10,"Abend-Workout",1h 14min,"Squat (Barbell)",Ruhezeit,0.0,0.0,0,60.0,,,
2023-05-19 17:51:10,"Abend-Workout",1h 14min,"Squat (Barbell)",2,77.5,7.0,0,0.0,,,
2023-05-19 17:51:10,"Abend-Workout",1h 14min,"Squat (Barbell)",Ruhezeit,0.0,0.0,0,90.0,,,
2023-05-19 17:51:10,"Abend-Workout",1h 14min,"Squat (Barbell)",3,72.5,7.0,0,0.0,,,
2023-05-19 17:51:10,"Abend-Workout",1h 14min,"Leg Press",1,97.5,10.0,0,0.0,,,
2023-05-19 17:51:10,"Abend-Workout",1h 14min,"Leg Press",Ruhezeit,0.0,0.0,0,60.0,,,
2023-05-19 17:51:10,"Abend-Workout",1h 14min,"Leg Press",2,108.5,10.0,0,0.0,,,
2023-05-19 17:51:10,"Abend-Workout",1h 14min,"Leg Press",Ruhezeit,0.0,0.0,0,120.0,,,
2023-05-19 17:51:10,"Abend-Workout",1h 14min,"Leg Press",3,106.0,9.0,0,0.0,,,
2023-05-19 17:51:10,"Abend-Workout",1h 14min,"Leg Press",Ruhezeit,0.0,0.0,0,120.0,,,
2023-05-19 17:51:10,"Abend-Workout",1h 14min,"Leg Press",4,101.0,10.0,0,0.0,,,
2023-05-19 17:51:10,"Abend-Workout",1h 14min,"Leg Extension (Machine)",1,38.0,12.0,0,0.0,,,
2023-05-19 17:51:10,"Abend-Workout",1h 14min,"Leg Extension (Machine)",Ruhezeit,0.0,0.0,0,60.0,,,
2023-05-19 17:51:10,"Abend-Workout",1h 14min,"Leg Extension (Machine)",2,44.0,13.0,0,0.0,,,
2023-05-19 17:51:10,"Abend-Workout",1h 14min,"Leg Extension (Machine)",Ruhezeit,0.0,0.0,0,120.0,,,
2023-05-19 17:51:10,"Abend-Workout",1h 14min,"Leg Extension (Machine)",3,39.5,11.0,0,0.0,,,
2023-05-19 17:51:10,"Abend-Workout",1h 14min,"Standing Calf Raise (Bodyweight)",1,0.0,20.0,0,0.0,,,
2023-05-19 17:51:10,"Abend-Workout",1h 14min,"Standing Calf Raise (Bodyweight)",Ruhezeit,0.0,0.0,0,90.0,,,
2023-05-19 17:51:10,"Abend-Workout",1h 14min,"Standing Calf Raise (Bodyweight)",2,0.0,20.0,0,0.0,,,
2023-05-19 17:51:10,"Abend-Workout",1h 14min,"Standing Calf Raise (Bodyweight)",Ruhezeit,0.0,0.0,0,150.0,,,
2023-05-19 17:51:10,"Abend-Workout",1h 14min,"Standing Calf Raise (Bodyweight)",3,0.0,20.0,0,0.0,,,
2023-05-19 17:51:10,"Abend-Workout",1h 14min,"Single Leg Extension ",1,19.5,12.0,0,0.0,,,
2023-05-19 17:51:10,"Abend-Workout",1h 14min,"Single Leg Extension ",Ruhezeit,0.0,0.0,0,120.0,,,
2023-05-19 17:51:10,"Abend-Workout",1h 14min,"Single Leg Extension ",2,19.5,11.0,0,0.0,,,
2023-05-19 17:51:10,"Abend-Workout",1h 14min,"Single Leg Extension ",Ruhezeit,0.0,0.0,0,150.0,,,
2023-05-19 17:51:10,"Abend-Workout",1h 14min,"Single Leg Extension ",3,22.5,11.0,0,0.0,,,
2023-05-19 17:51:10,"Abend-Workout",1h 14min,"Single Leg Extension ",Ruhezeit,0.0,0.0,0,120.0,,,
2023-05-19 17:51:10,"Abend-Workout",1h 14min,"Single Leg Extension ",4,19.5,13.0,0,0.0,,,
2023-05-19 17:51:10,"Abend-Workout",1h 14min,"Plank",1,0.0,0.0,0,35.0,,,
2023-05-19 17:51:10,"Abend-Workout",1h 14min,"Plank",Ruhezeit,0.0,0.0,0,90.0,,,
2023-05-19 17:51:10,"Abend-Workout",1h 14min,"Plank",2,0.0,0.0,0,40.0,,,
2023-05-19 17:51:10,"Abend-Workout",1h 14min,"Plank",Ruhezeit,0.0,0.0,0,150.0,,,
2023-05-19 17:51:10,"Abend-Workout",1h 14min,"Plank",3,0.0,0.0,0,45.0,,,
2023-05-19 17:51:10,"Abend-Workout",1h 14min,"Running",1,0.0,0.0,1.75,450.0,,,